Fecha,Pai Gasolina 95 E5,Pvp Gasolina 95 E5,Pai Gasolina 98 E5,Pvp Gasolina 98 E5,Pai Gas贸leo A habitual,Pvp Gas贸leo A habitual,Pai Gas贸leo Premium,Pvp Gas贸leo Premium
2022-10-01,0.943,1.669,1.043,1.837,1.138,1.795,1.212,1.883
2022-10-02,0.943,1.67,1.043,1.836,1.138,1.795,1.212,1.883
2022-10-03,0.944,1.67,1.043,1.836,1.138,1.795,1.213,1.884
2022-10-04,0.945,1.672,1.043,1.836,1.139,1.796,1.213,1.884
2022-10-05,0.952,1.68,1.05,1.844,1.145,1.803,1.219,1.891
2022-10-06,0.961,1.691,1.059,1.855,1.158,1.819,1.233,1.908
2022-10-07,0.972,1.704,1.072,1.871,1.178,1.842,1.255,1.934
2022-10-08,0.976,1.709,1.073,1.873,1.191,1.859,1.268,1.95
2022-10-09,0.983,1.718,1.083,1.884,1.206,1.876,1.286,1.972
2022-10-10,0.993,1.729,1.09,1.893,1.225,1.9,1.303,1.992
2022-10-11,1.0,1.737,1.096,1.9,1.24,1.917,1.316,2.008
2022-10-12,1.001,1.739,1.096,1.9,1.243,1.92,1.318,2.01
2022-10-13,1.002,1.741,1.097,1.902,1.247,1.925,1.321,2.014
2022-10-14,1.004,1.743,1.102,1.907,1.254,1.934,1.331,2.025
2022-10-15,1.009,1.749,1.105,1.912,1.259,1.94,1.334,2.03
2022-10-16,1.008,1.748,1.103,1.909,1.26,1.941,1.336,2.031
2022-10-17,1.01,1.75,1.105,1.911,1.265,1.947,1.339,2.036
2022-10-18,1.012,1.752,1.106,1.912,1.267,1.949,1.341,2.037
2022-10-19,1.013,1.754,1.107,1.914,1.271,1.954,1.345,2.043
2022-10-20,1.011,1.751,1.105,1.911,1.272,1.955,1.346,2.044
2022-10-21,1.012,1.753,1.109,1.916,1.273,1.956,1.349,2.047
2022-10-22,1.012,1.753,1.107,1.913,1.272,1.955,1.346,2.044
2022-10-23,1.012,1.752,1.106,1.913,1.272,1.956,1.346,2.044
2022-10-24,1.012,1.752,1.106,1.912,1.272,1.955,1.346,2.044
2022-10-25,1.011,1.751,1.105,1.911,1.271,1.954,1.345,2.043
2022-10-26,1.01,1.75,1.104,1.91,1.27,1.954,1.345,2.043
2022-10-27,1.009,1.749,1.104,1.909,1.269,1.953,1.345,2.043
2022-10-28,1.009,1.749,1.107,1.913,1.269,1.952,1.347,2.045
2022-10-29,1.009,1.749,1.104,1.91,1.269,1.952,1.344,2.042
2022-10-30,1.009,1.749,1.104,1.91,1.269,1.952,1.344,2.042
2022-10-31,1.01,1.749,1.104,1.91,1.269,1.953,1.345,2.043
2022-11-01,1.009,1.749,1.104,1.909,1.269,1.952,1.345,2.043
2022-11-02,1.01,1.749,1.104,1.91,1.268,1.951,1.343,2.041
2022-11-03,1.015,1.756,1.11,1.918,1.261,1.942,1.335,2.031
2022-11-04,1.021,1.763,1.12,1.93,1.258,1.939,1.334,2.03
2022-11-05,1.027,1.77,1.125,1.935,1.261,1.943,1.337,2.033
2022-11-06,1.028,1.771,1.126,1.936,1.261,1.942,1.336,2.033
2022-11-07,1.031,1.775,1.128,1.939,1.262,1.944,1.337,2.034
2022-11-08,1.032,1.777,1.13,1.941,1.261,1.943,1.336,2.032
2022-11-09,1.032,1.776,1.128,1.939,1.257,1.938,1.332,2.027
2022-11-10,1.03,1.774,1.126,1.937,1.252,1.932,1.327,2.021
2022-11-11,1.026,1.769,1.124,1.934,1.241,1.918,1.317,2.009
2022-11-12,1.025,1.768,1.121,1.93,1.235,1.911,1.307,1.998
2022-11-13,1.024,1.766,1.119,1.928,1.23,1.906,1.302,1.991
2022-11-14,1.022,1.765,1.118,1.926,1.222,1.895,1.294,1.982
2022-11-15,1.02,1.763,1.117,1.925,1.211,1.883,1.284,1.969
2022-11-16,1.016,1.757,1.111,1.918,1.203,1.874,1.276,1.96
2022-11-17,1.011,1.752,1.106,1.912,1.196,1.865,1.268,1.951
2022-11-18,1.006,1.745,1.104,1.91,1.188,1.855,1.263,1.945
2022-11-19,1.002,1.741,1.097,1.901,1.181,1.847,1.253,1.933
2022-11-20,1.0,1.739,1.095,1.899,1.179,1.845,1.251,1.93
2022-11-21,0.996,1.734,1.091,1.895,1.172,1.836,1.245,1.924
2022-11-22,0.991,1.728,1.086,1.889,1.166,1.828,1.239,1.915
2022-11-23,0.986,1.721,1.08,1.881,1.157,1.818,1.23,1.905
2022-11-24,0.983,1.718,1.078,1.879,1.153,1.813,1.227,1.901
2022-11-25,0.978,1.712,1.076,1.877,1.143,1.801,1.218,1.891
2022-11-26,0.974,1.707,1.07,1.869,1.137,1.794,1.209,1.88
2022-11-27,0.972,1.704,1.067,1.865,1.135,1.791,1.206,1.877
2022-11-28,0.966,1.697,1.063,1.86,1.127,1.782,1.2,1.869
2022-11-29,0.958,1.688,1.054,1.85,1.117,1.77,1.189,1.856
2022-11-30,0.949,1.677,1.044,1.838,1.106,1.757,1.178,1.842
2022-12-01,0.944,1.671,1.04,1.833,1.099,1.748,1.171,1.834
2022-12-02,0.942,1.668,1.04,1.833,1.096,1.744,1.171,1.834
2022-12-03,0.941,1.667,1.037,1.829,1.095,1.743,1.167,1.83
2022-12-04,0.938,1.664,1.033,1.825,1.092,1.739,1.164,1.825
2022-12-05,0.934,1.659,1.03,1.821,1.087,1.733,1.16,1.821
2022-12-06,0.929,1.653,1.025,1.814,1.081,1.727,1.154,1.813
2022-12-07,0.921,1.644,1.016,1.805,1.073,1.717,1.146,1.803
2022-12-08,0.915,1.636,1.011,1.798,1.065,1.707,1.135,1.791
2022-12-09,0.903,1.623,1.004,1.79,1.052,1.691,1.126,1.78
2022-12-10,0.895,1.612,0.993,1.776,1.044,1.682,1.115,1.767
2022-12-11,0.892,1.608,0.989,1.772,1.04,1.677,1.111,1.762
2022-12-12,0.881,1.596,0.981,1.762,1.028,1.664,1.102,1.751
2022-12-13,0.875,1.589,0.976,1.756,1.021,1.655,1.095,1.743
2022-12-14,0.869,1.581,0.97,1.75,1.018,1.651,1.093,1.74
2022-12-15,0.868,1.579,0.969,1.748,1.018,1.651,1.094,1.741
2022-12-16,0.866,1.577,0.971,1.75,1.018,1.65,1.095,1.743
2022-12-17,0.862,1.573,0.964,1.742,1.016,1.649,1.091,1.738
2022-12-18,0.86,1.57,0.961,1.738,1.014,1.646,1.089,1.735
2022-12-19,0.855,1.564,0.957,1.733,1.011,1.642,1.086,1.732
2022-12-20,0.848,1.556,0.949,1.724,1.007,1.637,1.081,1.726
2022-12-21,0.845,1.552,0.946,1.72,1.003,1.633,1.078,1.722
2022-12-22,0.843,1.55,0.945,1.719,1.0,1.629,1.074,1.718
2022-12-23,0.843,1.55,0.947,1.722,0.999,1.629,1.076,1.72
2022-12-24,0.844,1.552,0.947,1.722,1.001,1.631,1.076,1.72
2022-12-25,0.846,1.554,0.949,1.724,1.002,1.632,1.078,1.723
2022-12-26,0.846,1.553,0.948,1.723,1.003,1.633,1.078,1.723
2022-12-27,0.846,1.554,0.949,1.724,1.003,1.633,1.079,1.724
2022-12-28,0.85,1.559,0.954,1.73,1.008,1.639,1.084,1.73
2022-12-29,0.856,1.565,0.959,1.737,1.013,1.645,1.09,1.737
2022-12-30,0.861,1.572,0.967,1.745,1.018,1.651,1.097,1.745
2022-12-31,0.866,1.577,0.969,1.748,1.019,1.653,1.095,1.743
2023-01-01,0.872,1.584,0.976,1.757,1.025,1.66,1.103,1.752
2023-01-02,0.877,1.591,0.98,1.762,1.029,1.665,1.107,1.757
2023-01-03,0.884,1.599,0.986,1.769,1.033,1.669,1.11,1.761
2023-01-04,0.888,1.604,0.99,1.773,1.035,1.672,1.111,1.763
2023-01-05,0.889,1.606,0.991,1.775,1.034,1.67,1.11,1.761
2023-01-06,0.887,1.603,0.99,1.773,1.031,1.667,1.107,1.758
2023-01-07,0.887,1.603,0.987,1.77,1.03,1.666,1.105,1.755
2023-01-08,0.886,1.602,0.987,1.77,1.03,1.666,1.105,1.755
2023-01-09,0.887,1.603,0.987,1.77,1.029,1.665,1.104,1.755
2023-01-10,0.887,1.603,0.987,1.77,1.029,1.664,1.104,1.754
2023-01-11,0.886,1.602,0.986,1.768,1.027,1.663,1.103,1.753
2023-01-12,0.885,1.601,0.986,1.768,1.028,1.663,1.103,1.753
2023-01-13,0.888,1.604,0.991,1.775,1.028,1.664,1.107,1.757
2023-01-14,0.89,1.607,0.992,1.776,1.031,1.667,1.108,1.758
2023-01-15,0.891,1.608,0.993,1.777,1.031,1.667,1.108,1.758
2023-01-16,0.894,1.611,0.995,1.78,1.032,1.669,1.109,1.76
2023-01-17,0.896,1.614,0.998,1.783,1.035,1.671,1.111,1.763
2023-01-18,0.897,1.615,0.999,1.784,1.035,1.672,1.112,1.764
2023-01-19,0.9,1.619,1.001,1.787,1.036,1.673,1.113,1.764
2023-01-20,0.904,1.623,1.008,1.795,1.038,1.675,1.117,1.77
2023-01-21,0.906,1.626,1.008,1.795,1.038,1.675,1.115,1.767
2023-01-22,0.908,1.628,1.011,1.798,1.041,1.678,1.119,1.771
2023-01-23,0.912,1.633,1.014,1.802,1.043,1.682,1.121,1.775
2023-01-24,0.918,1.64,1.019,1.808,1.048,1.688,1.127,1.781
2023-01-25,0.923,1.646,1.024,1.815,1.053,1.693,1.132,1.787
2023-01-26,0.924,1.647,1.025,1.816,1.054,1.694,1.133,1.788
2023-01-27,0.924,1.648,1.029,1.82,1.052,1.692,1.132,1.788
2023-01-28,0.924,1.648,1.027,1.818,1.052,1.692,1.13,1.785
2023-01-29,0.924,1.648,1.027,1.818,1.05,1.689,1.127,1.782
2023-01-30,0.926,1.649,1.027,1.818,1.048,1.688,1.126,1.78
2023-01-31,0.925,1.649,1.027,1.818,1.044,1.683,1.122,1.775
2023-02-01,0.922,1.646,1.024,1.815,1.038,1.676,1.115,1.767
2023-02-02,0.922,1.645,1.024,1.814,1.035,1.671,1.111,1.763
2023-02-03,0.918,1.64,1.022,1.812,1.026,1.661,1.105,1.755
2023-02-04,0.915,1.637,1.016,1.804,1.02,1.654,1.096,1.744
2023-02-05,0.912,1.633,1.012,1.8,1.016,1.649,1.09,1.737
2023-02-06,0.909,1.629,1.009,1.796,1.007,1.638,1.083,1.728
2023-02-07,0.902,1.621,1.001,1.787,0.996,1.625,1.071,1.714
2023-02-08,0.9,1.619,0.999,1.784,0.992,1.62,1.067,1.709
2023-02-09,0.901,1.62,1.0,1.785,0.991,1.619,1.067,1.709
2023-02-10,0.899,1.617,1.0,1.785,0.987,1.614,1.065,1.707
2023-02-11,0.898,1.617,0.997,1.782,0.984,1.611,1.059,1.7
2023-02-12,0.9,1.619,1.0,1.785,0.984,1.611,1.059,1.7
2023-02-13,0.901,1.619,1.0,1.785,0.981,1.607,1.058,1.698
2023-02-14,0.903,1.622,1.003,1.789,0.981,1.606,1.057,1.698
2023-02-15,0.904,1.623,1.004,1.79,0.98,1.605,1.057,1.697
2023-02-16,0.904,1.623,1.004,1.79,0.979,1.604,1.056,1.696
2023-02-17,0.904,1.623,1.007,1.793,0.976,1.601,1.055,1.695
2023-02-18,0.903,1.622,1.004,1.79,0.973,1.597,1.05,1.689
2023-02-19,0.902,1.621,1.002,1.788,0.971,1.595,1.047,1.685
2023-02-20,0.901,1.619,1.001,1.786,0.966,1.589,1.043,1.681
2023-02-21,0.899,1.617,0.998,1.783,0.962,1.584,1.039,1.676
2023-02-22,0.899,1.617,0.998,1.783,0.96,1.582,1.037,1.673
2023-02-23,0.899,1.617,0.998,1.783,0.958,1.58,1.035,1.671
2023-02-24,0.897,1.615,0.998,1.784,0.956,1.577,1.035,1.672
2023-02-25,0.896,1.614,0.995,1.78,0.956,1.576,1.032,1.668
2023-02-26,0.897,1.614,0.996,1.78,0.956,1.576,1.033,1.668
2023-02-27,0.896,1.614,0.996,1.78,0.954,1.574,1.032,1.667
2023-02-28,0.897,1.615,0.996,1.781,0.954,1.575,1.032,1.668
2023-03-01,0.896,1.614,0.995,1.78,0.955,1.576,1.034,1.669
2023-03-02,0.899,1.617,0.999,1.784,0.957,1.578,1.035,1.672
2023-03-03,0.9,1.618,1.002,1.788,0.957,1.578,1.038,1.674
2023-03-04,0.902,1.621,1.002,1.788,0.96,1.582,1.039,1.676
2023-03-05,0.904,1.623,1.004,1.791,0.962,1.584,1.042,1.679
2023-03-06,0.906,1.626,1.006,1.793,0.965,1.587,1.044,1.682
2023-03-07,0.907,1.627,1.007,1.794,0.966,1.588,1.045,1.683
2023-03-08,0.908,1.628,1.008,1.795,0.967,1.589,1.046,1.684
2023-03-09,0.908,1.628,1.007,1.794,0.963,1.585,1.041,1.678
2023-03-10,0.907,1.627,1.01,1.798,0.96,1.581,1.04,1.677
2023-03-11,0.907,1.627,1.007,1.795,0.958,1.579,1.036,1.672
2023-03-12,0.907,1.627,1.007,1.794,0.958,1.579,1.035,1.671
2023-03-13,0.907,1.627,1.007,1.794,0.956,1.577,1.034,1.67
2023-03-14,0.906,1.626,1.006,1.793,0.954,1.574,1.033,1.668
2023-03-15,0.904,1.624,1.004,1.79,0.95,1.57,1.029,1.664
2023-03-16,0.902,1.621,1.001,1.787,0.947,1.566,1.026,1.66
2023-03-17,0.896,1.614,0.998,1.783,0.938,1.556,1.019,1.652
2023-03-18,0.895,1.613,0.995,1.78,0.935,1.552,1.013,1.645
2023-03-19,0.895,1.613,0.995,1.78,0.935,1.551,1.012,1.644
2023-03-20,0.894,1.612,0.994,1.779,0.932,1.548,1.01,1.642
2023-03-21,0.893,1.611,0.994,1.779,0.93,1.545,1.009,1.64
2023-03-22,0.892,1.609,0.992,1.776,0.926,1.541,1.005,1.635
2023-03-23,0.891,1.608,0.991,1.775,0.922,1.536,1.0,1.629
2023-03-24,0.893,1.611,0.996,1.781,0.92,1.534,1.001,1.63
2023-03-25,0.894,1.612,0.995,1.78,0.918,1.531,0.996,1.625
2023-03-26,0.895,1.612,0.996,1.78,0.918,1.531,0.996,1.625
2023-03-27,0.895,1.612,0.996,1.78,0.916,1.529,0.995,1.623
2023-03-28,0.894,1.612,0.995,1.78,0.913,1.525,0.992,1.619
2023-03-29,0.896,1.614,0.997,1.782,0.912,1.524,0.991,1.618
2023-03-30,0.898,1.616,0.998,1.783,0.912,1.524,0.991,1.618
2023-03-31,0.898,1.616,1.001,1.787,0.908,1.519,0.989,1.616
2023-04-01,0.898,1.615,0.998,1.783,0.905,1.516,0.983,1.609
2023-04-02,0.898,1.615,0.998,1.783,0.905,1.516,0.983,1.609
2023-04-03,0.899,1.617,0.999,1.784,0.904,1.514,0.982,1.608
2023-04-04,0.899,1.617,0.999,1.784,0.903,1.513,0.981,1.606
2023-04-05,0.905,1.624,1.005,1.791,0.904,1.515,0.982,1.608
2023-04-06,0.904,1.624,1.005,1.791,0.903,1.513,0.98,1.606
2023-04-07,0.905,1.625,1.008,1.795,0.903,1.513,0.983,1.609
2023-04-08,0.905,1.625,1.008,1.795,0.903,1.513,0.983,1.609
2023-04-09,0.906,1.625,1.008,1.795,0.903,1.513,0.983,1.609
2023-04-10,0.911,1.632,1.01,1.798,0.905,1.515,0.982,1.607
2023-04-11,0.91,1.631,1.01,1.797,0.902,1.512,0.98,1.606
2023-04-12,0.912,1.633,1.011,1.799,0.902,1.512,0.98,1.605
2023-04-13,0.913,1.634,1.012,1.8,0.901,1.511,0.979,1.604
2023-04-14,0.916,1.637,1.018,1.807,0.901,1.511,0.982,1.608
2023-04-15,0.915,1.637,1.015,1.804,0.899,1.509,0.977,1.602
2023-04-16,0.913,1.634,1.012,1.8,0.898,1.508,0.976,1.601
2023-04-17,0.913,1.634,1.011,1.799,0.896,1.505,0.975,1.599
2023-04-18,0.911,1.632,1.01,1.797,0.892,1.5,0.97,1.594
2023-04-19,0.909,1.63,1.007,1.794,0.888,1.496,0.967,1.589
2023-04-20,0.907,1.627,1.005,1.791,0.885,1.492,0.964,1.586
2023-04-21,0.904,1.623,1.004,1.79,0.881,1.487,0.961,1.583
2023-04-22,0.9,1.618,0.996,1.781,0.876,1.481,0.954,1.574
2023-04-23,0.899,1.618,0.996,1.781,0.876,1.481,0.954,1.574
2023-04-24,0.897,1.615,0.994,1.779,0.872,1.477,0.951,1.571
2023-04-25,0.894,1.612,0.991,1.775,0.869,1.472,0.948,1.566
2023-04-26,0.893,1.611,0.991,1.775,0.865,1.468,0.944,1.562
2023-04-27,0.889,1.606,0.987,1.771,0.86,1.462,0.939,1.556
2023-04-28,0.887,1.602,0.987,1.771,0.854,1.454,0.936,1.552
2023-04-29,0.883,1.598,0.98,1.762,0.849,1.449,0.927,1.542
2023-04-30,0.882,1.598,0.98,1.762,0.849,1.448,0.927,1.542
2023-05-01,0.882,1.597,0.98,1.761,0.847,1.446,0.926,1.54
2023-05-02,0.881,1.595,0.979,1.76,0.846,1.444,0.924,1.538
2023-05-03,0.879,1.593,0.977,1.758,0.843,1.441,0.922,1.535
2023-05-04,0.872,1.586,0.97,1.75,0.835,1.432,0.914,1.526
2023-05-05,0.864,1.575,0.965,1.743,0.826,1.421,0.907,1.518
2023-05-06,0.861,1.572,0.959,1.737,0.824,1.418,0.902,1.512
2023-05-07,0.861,1.572,0.959,1.737,0.823,1.418,0.902,1.512
2023-05-08,0.858,1.568,0.957,1.734,0.82,1.414,0.899,1.508
2023-05-09,0.855,1.565,0.954,1.731,0.817,1.41,0.897,1.505
2023-05-10,0.853,1.563,0.953,1.729,0.815,1.408,0.895,1.503
2023-05-11,0.853,1.562,0.953,1.729,0.815,1.407,0.894,1.503
2023-05-12,0.854,1.563,0.956,1.733,0.816,1.408,0.898,1.507
2023-05-13,0.853,1.562,0.952,1.728,0.814,1.407,0.895,1.503
2023-05-14,0.851,1.56,0.95,1.726,0.813,1.405,0.893,1.501
2023-05-15,0.85,1.559,0.949,1.724,0.812,1.403,0.892,1.499
2023-05-16,0.849,1.558,0.948,1.723,0.811,1.403,0.891,1.498
2023-05-17,0.848,1.556,0.948,1.723,0.81,1.402,0.89,1.497
2023-05-18,0.848,1.556,0.948,1.723,0.81,1.401,0.89,1.497
2023-05-19,0.851,1.56,0.955,1.732,0.813,1.406,0.897,1.506
2023-05-20,0.853,1.562,0.955,1.731,0.815,1.407,0.896,1.505
2023-05-21,0.853,1.562,0.955,1.732,0.815,1.408,0.897,1.505
2023-05-22,0.854,1.564,0.955,1.732,0.816,1.409,0.898,1.506
2023-05-23,0.854,1.564,0.955,1.731,0.816,1.409,0.897,1.505
2023-05-24,0.855,1.564,0.955,1.731,0.816,1.409,0.896,1.505
2023-05-25,0.859,1.569,0.96,1.737,0.818,1.411,0.899,1.508
2023-05-26,0.862,1.573,0.966,1.744,0.821,1.414,0.904,1.514
2023-05-27,0.862,1.573,0.963,1.742,0.82,1.414,0.901,1.511
2023-05-28,0.862,1.573,0.963,1.741,0.82,1.414,0.902,1.511
2023-05-29,0.864,1.575,0.963,1.742,0.821,1.415,0.902,1.511
2023-05-30,0.863,1.574,0.964,1.742,0.82,1.414,0.901,1.511
2023-05-31,0.863,1.575,0.964,1.742,0.82,1.414,0.902,1.511
2023-06-01,0.861,1.572,0.963,1.741,0.819,1.412,0.9,1.509
2023-06-02,0.86,1.571,0.964,1.742,0.817,1.41,0.9,1.51
2023-06-03,0.86,1.571,0.962,1.74,0.818,1.411,0.899,1.508
2023-06-04,0.86,1.571,0.961,1.739,0.819,1.412,0.9,1.509
2023-06-05,0.861,1.571,0.961,1.739,0.819,1.413,0.901,1.51
2023-06-06,0.861,1.572,0.962,1.74,0.821,1.414,0.902,1.511
2023-06-07,0.863,1.574,0.964,1.743,0.822,1.416,0.904,1.514
2023-06-08,0.865,1.577,0.966,1.745,0.824,1.419,0.906,1.517
2023-06-09,0.867,1.579,0.971,1.751,0.825,1.42,0.91,1.521
2023-06-10,0.867,1.58,0.969,1.749,0.825,1.42,0.907,1.518
2023-06-11,0.868,1.58,0.969,1.749,0.825,1.42,0.908,1.518
2023-06-12,0.869,1.581,0.969,1.749,0.826,1.421,0.908,1.519
2023-06-13,0.869,1.581,0.969,1.748,0.825,1.42,0.907,1.518
2023-06-14,0.865,1.577,0.965,1.744,0.822,1.417,0.903,1.513
2023-06-15,0.866,1.578,0.966,1.745,0.823,1.417,0.904,1.514
2023-06-16,0.866,1.578,0.969,1.749,0.823,1.417,0.906,1.517
2023-06-17,0.866,1.578,0.967,1.746,0.826,1.421,0.908,1.519
2023-06-18,0.866,1.578,0.967,1.746,0.828,1.424,0.911,1.523
2023-06-19,0.867,1.58,0.968,1.747,0.831,1.428,0.914,1.527
2023-06-20,0.868,1.58,0.968,1.748,0.834,1.431,0.917,1.53
2023-06-21,0.869,1.582,0.97,1.75,0.837,1.434,0.92,1.534
2023-06-22,0.869,1.582,0.97,1.75,0.837,1.435,0.92,1.534
2023-06-23,0.869,1.582,0.973,1.754,0.839,1.437,0.925,1.539
2023-06-24,0.867,1.579,0.967,1.746,0.837,1.435,0.92,1.533
2023-06-25,0.866,1.578,0.966,1.745,0.837,1.434,0.919,1.533
2023-06-26,0.864,1.576,0.964,1.742,0.836,1.434,0.919,1.532
2023-06-27,0.863,1.574,0.962,1.741,0.835,1.432,0.917,1.531
2023-06-28,0.862,1.574,0.962,1.74,0.835,1.432,0.917,1.53
2023-06-29,0.861,1.572,0.96,1.738,0.833,1.43,0.915,1.528
2023-06-30,0.86,1.571,0.962,1.74,0.832,1.429,0.916,1.529
2023-07-01,0.86,1.571,0.959,1.737,0.832,1.428,0.914,1.526
2023-07-02,0.862,1.573,0.962,1.74,0.832,1.429,0.914,1.527
2023-07-03,0.862,1.574,0.962,1.74,0.832,1.428,0.914,1.526
2023-07-04,0.863,1.574,0.963,1.741,0.833,1.429,0.914,1.527
2023-07-05,0.863,1.574,0.962,1.741,0.832,1.428,0.914,1.526
2023-07-06,0.863,1.575,0.963,1.742,0.833,1.429,0.914,1.527
2023-07-07,0.864,1.575,0.967,1.746,0.836,1.433,0.921,1.535
2023-07-08,0.863,1.575,0.963,1.742,0.836,1.434,0.919,1.532
2023-07-09,0.863,1.575,0.964,1.742,0.837,1.434,0.919,1.532
2023-07-10,0.864,1.575,0.964,1.742,0.838,1.435,0.92,1.534
2023-07-11,0.865,1.577,0.964,1.743,0.839,1.437,0.922,1.536
2023-07-12,0.867,1.579,0.967,1.746,0.843,1.441,0.926,1.541
2023-07-13,0.869,1.582,0.969,1.749,0.846,1.445,0.929,1.545
2023-07-14,0.874,1.587,0.977,1.759,0.848,1.448,0.934,1.551
2023-07-15,0.874,1.588,0.975,1.756,0.849,1.449,0.932,1.549
2023-07-16,0.874,1.588,0.975,1.756,0.849,1.449,0.933,1.549
2023-07-17,0.875,1.589,0.975,1.756,0.85,1.451,0.933,1.549
2023-07-18,0.874,1.588,0.975,1.756,0.85,1.45,0.932,1.548
2023-07-19,0.875,1.589,0.975,1.756,0.851,1.451,0.933,1.549
2023-07-20,0.877,1.591,0.977,1.759,0.851,1.452,0.933,1.549
2023-07-21,0.882,1.598,0.987,1.77,0.856,1.458,0.941,1.559
2023-07-22,0.884,1.6,0.986,1.77,0.858,1.46,0.941,1.559
2023-07-23,0.887,1.604,0.99,1.774,0.861,1.463,0.945,1.563
2023-07-24,0.891,1.608,0.993,1.778,0.864,1.468,0.948,1.567
2023-07-25,0.896,1.615,0.999,1.785,0.87,1.474,0.954,1.575
2023-07-26,0.903,1.623,1.006,1.793,0.877,1.482,0.962,1.584
2023-07-27,0.906,1.626,1.009,1.796,0.88,1.486,0.964,1.587
2023-07-28,0.912,1.633,1.017,1.806,0.886,1.493,0.973,1.597
2023-07-29,0.917,1.639,1.02,1.81,0.891,1.499,0.977,1.602
2023-07-30,0.92,1.643,1.024,1.814,0.895,1.504,0.982,1.608
2023-07-31,0.925,1.649,1.027,1.819,0.901,1.511,0.988,1.615
2023-08-01,0.929,1.654,1.031,1.824,0.906,1.518,0.992,1.62
2023-08-02,0.933,1.658,1.034,1.827,0.915,1.529,1.001,1.63
2023-08-03,0.935,1.661,1.036,1.829,0.925,1.541,1.011,1.643
2023-08-04,0.937,1.663,1.04,1.834,0.93,1.546,1.017,1.65
2023-08-05,0.937,1.663,1.037,1.831,0.934,1.551,1.02,1.654
2023-08-06,0.937,1.664,1.038,1.831,0.935,1.552,1.021,1.655
2023-08-07,0.938,1.665,1.038,1.831,0.939,1.557,1.024,1.658
2023-08-08,0.938,1.665,1.038,1.832,0.944,1.562,1.028,1.664
2023-08-09,0.939,1.666,1.038,1.832,0.946,1.565,1.03,1.666
2023-08-10,0.94,1.667,1.039,1.833,0.949,1.569,1.033,1.669
2023-08-11,0.945,1.673,1.048,1.844,0.957,1.578,1.043,1.682
2023-08-12,0.948,1.677,1.05,1.846,0.96,1.582,1.045,1.683
2023-08-13,0.949,1.678,1.05,1.847,0.961,1.584,1.045,1.684
2023-08-14,0.951,1.681,1.052,1.849,0.964,1.587,1.048,1.687
2023-08-15,0.954,1.684,1.056,1.853,0.965,1.589,1.049,1.689
2023-08-16,0.956,1.686,1.057,1.854,0.967,1.59,1.05,1.69
2023-08-17,0.958,1.689,1.059,1.856,0.967,1.59,1.05,1.69
2023-08-18,0.961,1.692,1.064,1.863,0.968,1.591,1.053,1.694
2023-08-19,0.963,1.695,1.065,1.864,0.969,1.592,1.052,1.692
2023-08-20,0.964,1.696,1.065,1.864,0.968,1.592,1.052,1.692
2023-08-21,0.966,1.698,1.066,1.865,0.97,1.594,1.053,1.693
2023-08-22,0.967,1.699,1.067,1.866,0.972,1.597,1.056,1.697
2023-08-23,0.967,1.699,1.067,1.866,0.974,1.599,1.058,1.699
2023-08-24,0.968,1.7,1.068,1.867,0.975,1.6,1.058,1.699
2023-08-25,0.969,1.702,1.071,1.872,0.976,1.601,1.061,1.703
2023-08-26,0.971,1.704,1.071,1.871,0.978,1.603,1.061,1.703
2023-08-27,0.972,1.705,1.071,1.872,0.978,1.604,1.061,1.704
2023-08-28,0.973,1.707,1.073,1.874,0.98,1.607,1.063,1.705
2023-08-29,0.976,1.71,1.077,1.879,0.985,1.612,1.068,1.712
2023-08-30,0.978,1.712,1.078,1.88,0.986,1.614,1.07,1.714
2023-08-31,0.978,1.713,1.078,1.88,0.986,1.614,1.07,1.713
2023-09-01,0.977,1.711,1.079,1.881,0.985,1.612,1.069,1.713
2023-09-02,0.977,1.711,1.077,1.879,0.985,1.612,1.067,1.711
2023-09-03,0.977,1.711,1.077,1.879,0.985,1.612,1.067,1.711
2023-09-04,0.978,1.712,1.077,1.879,0.985,1.612,1.068,1.711
2023-09-05,0.978,1.712,1.078,1.879,0.986,1.613,1.068,1.712
2023-09-06,0.978,1.713,1.078,1.88,0.988,1.616,1.071,1.714
2023-09-07,0.979,1.714,1.079,1.88,0.992,1.621,1.075,1.72
2023-09-08,0.98,1.714,1.082,1.884,0.993,1.622,1.079,1.725
2023-09-09,0.981,1.716,1.081,1.884,0.995,1.625,1.08,1.725
2023-09-10,0.983,1.718,1.083,1.886,0.998,1.628,1.083,1.729
2023-09-11,0.985,1.721,1.085,1.888,1.003,1.634,1.087,1.735
2023-09-12,0.987,1.724,1.087,1.89,1.008,1.639,1.092,1.74
2023-09-13,0.989,1.726,1.088,1.891,1.014,1.647,1.098,1.748
2023-09-14,0.992,1.73,1.091,1.896,1.019,1.653,1.103,1.753
2023-09-15,0.994,1.732,1.096,1.901,1.025,1.659,1.11,1.762
2023-09-16,0.996,1.734,1.096,1.901,1.028,1.663,1.112,1.764
2023-09-17,0.996,1.734,1.096,1.901,1.028,1.664,1.113,1.765
2023-09-18,0.999,1.737,1.098,1.903,1.032,1.669,1.116,1.769
2023-09-19,1.0,1.739,1.099,1.904,1.035,1.672,1.118,1.771
2023-09-20,1.001,1.739,1.099,1.905,1.035,1.672,1.117,1.77
2023-09-21,1.0,1.738,1.098,1.903,1.035,1.671,1.116,1.769
2023-09-22,1.0,1.738,1.1,1.906,1.035,1.672,1.119,1.772
2023-09-23,1.0,1.738,1.097,1.902,1.038,1.675,1.12,1.774
2023-09-24,1.0,1.738,1.097,1.902,1.038,1.675,1.121,1.774
2023-09-25,1.0,1.739,1.097,1.903,1.04,1.677,1.122,1.776
2023-09-26,1.0,1.739,1.096,1.901,1.04,1.677,1.122,1.776
2023-09-27,0.997,1.735,1.092,1.896,1.037,1.674,1.118,1.771
2023-09-28,0.992,1.729,1.087,1.89,1.035,1.672,1.116,1.768
2023-09-29,0.991,1.728,1.089,1.893,1.037,1.674,1.12,1.774
2023-09-30,0.991,1.728,1.087,1.89,1.04,1.678,1.122,1.776
2023-10-01,0.99,1.727,1.086,1.889,1.04,1.678,1.122,1.776
2023-10-02,0.989,1.725,1.084,1.887,1.043,1.681,1.124,1.778
2023-10-03,0.984,1.72,1.079,1.881,1.044,1.683,1.125,1.779
2023-10-04,0.977,1.711,1.07,1.87,1.044,1.682,1.125,1.779
2023-10-05,0.973,1.706,1.066,1.865,1.039,1.677,1.119,1.773
2023-10-06,0.962,1.693,1.059,1.856,1.033,1.67,1.116,1.768
2023-10-07,0.954,1.683,1.046,1.841,1.027,1.662,1.106,1.756
2023-10-08,0.953,1.682,1.046,1.84,1.026,1.661,1.105,1.755
2023-10-09,0.947,1.675,1.041,1.835,1.022,1.657,1.102,1.752
2023-10-10,0.94,1.667,1.036,1.829,1.017,1.651,1.098,1.747
2023-10-11,0.936,1.662,1.031,1.823,1.014,1.646,1.093,1.741
2023-10-12,0.933,1.659,1.028,1.82,1.012,1.644,1.091,1.738
2023-10-13,0.931,1.655,1.028,1.819,1.009,1.641,1.091,1.738
2023-10-14,0.928,1.652,1.022,1.812,1.008,1.64,1.087,1.734
2023-10-15,0.927,1.651,1.022,1.812,1.008,1.639,1.087,1.734
2023-10-16,0.924,1.647,1.02,1.81,1.007,1.638,1.086,1.733
2023-10-17,0.922,1.646,1.019,1.809,1.009,1.641,1.089,1.736
2023-10-18,0.919,1.642,1.016,1.804,1.01,1.642,1.09,1.737
2023-10-19,0.918,1.64,1.015,1.803,1.01,1.641,1.089,1.736
2023-10-20,0.918,1.64,1.017,1.806,1.01,1.641,1.092,1.74
2023-10-21,0.917,1.639,1.014,1.803,1.01,1.641,1.09,1.737
2023-10-22,0.918,1.64,1.016,1.805,1.011,1.643,1.091,1.739
2023-10-23,0.918,1.64,1.015,1.804,1.011,1.643,1.092,1.74
2023-10-24,0.917,1.639,1.015,1.804,1.011,1.643,1.092,1.739
2023-10-25,0.916,1.638,1.014,1.803,1.008,1.64,1.089,1.736
2023-10-26,0.912,1.632,1.008,1.796,1.004,1.635,1.084,1.73
2023-10-27,0.909,1.629,1.009,1.796,1.001,1.631,1.083,1.729
2023-10-28,0.909,1.629,1.006,1.792,1.001,1.631,1.081,1.726
2023-10-29,0.907,1.627,1.004,1.79,1.0,1.629,1.079,1.724
2023-10-30,0.905,1.624,1.002,1.788,0.998,1.627,1.077,1.722
2023-10-31,0.903,1.622,1.0,1.786,0.995,1.623,1.075,1.719
2023-11-01,0.902,1.621,1.0,1.785,0.993,1.622,1.073,1.717
2023-11-02,0.901,1.62,0.999,1.784,0.992,1.62,1.068,1.721
2023-11-03,0.901,1.619,1.001,1.787,0.991,1.618,1.069,1.722
2023-11-04,0.9,1.619,0.998,1.784,0.99,1.618,1.07,1.713
2023-11-05,0.899,1.617,0.997,1.782,0.989,1.616,1.068,1.711
2023-11-06,0.898,1.616,0.996,1.78,0.987,1.615,1.067,1.71
2023-11-07,0.895,1.612,0.993,1.777,0.984,1.61,1.064,1.706
2023-11-08,0.892,1.608,0.989,1.773,0.98,1.605,1.06,1.701
2023-11-09,0.887,1.603,0.985,1.767,0.974,1.599,1.054,1.694
2023-11-10,0.884,1.599,0.984,1.766,0.97,1.594,1.053,1.693
2023-11-11,0.883,1.598,0.981,1.763,0.966,1.589,1.046,1.685
2023-11-12,0.882,1.597,0.981,1.763,0.965,1.588,1.045,1.683
2023-11-13,0.879,1.593,0.978,1.759,0.96,1.582,1.041,1.678
2023-11-14,0.876,1.59,0.975,1.755,0.955,1.576,1.036,1.672
2023-11-15,0.875,1.588,0.974,1.755,0.953,1.574,1.035,1.671
2023-11-16,0.874,1.587,0.974,1.754,0.952,1.572,1.033,1.67
2023-11-17,0.871,1.583,0.974,1.754,0.948,1.567,1.032,1.668
2023-11-18,0.868,1.579,0.968,1.747,0.945,1.564,1.026,1.661
2023-11-19,0.866,1.578,0.966,1.745,0.944,1.562,1.025,1.66
2023-11-20,0.864,1.575,0.964,1.742,0.94,1.558,1.023,1.656
2023-11-21,0.862,1.573,0.962,1.74,0.937,1.555,1.02,1.654
2023-11-22,0.861,1.572,0.961,1.739,0.936,1.553,1.019,1.652
2023-11-23,0.86,1.571,0.961,1.738,0.934,1.55,1.018,1.651
2023-11-24,0.857,1.567,0.96,1.738,0.931,1.547,1.017,1.65
2023-11-25,0.857,1.567,0.958,1.735,0.93,1.546,1.014,1.647
2023-11-26,0.857,1.567,0.958,1.735,0.931,1.546,1.014,1.647
2023-11-27,0.855,1.564,0.957,1.734,0.929,1.544,1.014,1.646
2023-11-28,0.853,1.562,0.954,1.73,0.926,1.541,1.011,1.643
2023-11-29,0.849,1.558,0.95,1.726,0.922,1.537,1.006,1.637
2023-11-30,0.848,1.556,0.949,1.725,0.921,1.535,1.005,1.636
2023-12-01,0.846,1.554,0.951,1.727,0.919,1.533,1.006,1.637
2023-12-02,0.844,1.552,0.946,1.721,0.917,1.53,1.001,1.631
2023-12-03,0.844,1.552,0.946,1.721,0.917,1.53,1.001,1.631
2023-12-04,0.843,1.55,0.945,1.719,0.916,1.529,1.0,1.63
2023-12-05,0.841,1.547,0.943,1.716,0.913,1.525,0.997,1.626
2023-12-06,0.838,1.544,0.94,1.713,0.911,1.523,0.995,1.623
2023-12-07,0.837,1.543,0.939,1.712,0.908,1.52,0.992,1.62
2023-12-08,0.835,1.54,0.938,1.711,0.906,1.517,0.991,1.619
2023-12-09,0.834,1.54,0.935,1.708,0.906,1.517,0.989,1.616
2023-12-10,0.834,1.54,0.935,1.708,0.906,1.517,0.989,1.616
2023-12-11,0.831,1.536,0.932,1.704,0.902,1.512,0.985,1.612
2023-12-12,0.828,1.532,0.929,1.7,0.899,1.509,0.982,1.608
2023-12-13,0.824,1.527,0.925,1.696,0.895,1.504,0.978,1.603
2023-12-14,0.819,1.522,0.921,1.69,0.888,1.496,0.971,1.595
2023-12-15,0.817,1.519,0.923,1.692,0.884,1.491,0.97,1.593
2023-12-16,0.816,1.518,0.92,1.689,0.884,1.49,0.967,1.59
2023-12-17,0.816,1.518,0.92,1.689,0.883,1.49,0.967,1.59
2023-12-18,0.815,1.516,0.918,1.686,0.881,1.487,0.965,1.588
2023-12-19,0.814,1.515,0.917,1.685,0.88,1.485,0.964,1.586
2023-12-20,0.813,1.514,0.917,1.685,0.879,1.485,0.964,1.586
2023-12-21,0.814,1.515,0.918,1.687,0.88,1.486,0.965,1.587
2023-12-22,0.817,1.518,0.924,1.694,0.883,1.489,0.971,1.594
2023-12-23,0.817,1.519,0.922,1.691,0.883,1.489,0.969,1.592
2023-12-24,0.817,1.519,0.922,1.692,0.883,1.49,0.969,1.592
2023-12-25,0.819,1.521,0.922,1.692,0.887,1.494,0.972,1.595
2023-12-26,0.817,1.519,0.922,1.691,0.884,1.49,0.97,1.593
2023-12-27,0.818,1.52,0.922,1.692,0.884,1.49,0.97,1.594
2023-12-28,0.818,1.521,0.923,1.693,0.884,1.49,0.97,1.593
2023-12-29,0.818,1.52,0.926,1.696,0.883,1.49,0.972,1.596
2023-12-30,0.818,1.519,0.922,1.692,0.882,1.488,0.968,1.591
2023-12-31,0.818,1.519,0.922,1.692,0.881,1.487,0.967,1.589
2024-01-01,0.818,1.519,0.923,1.692,0.881,1.487,0.967,1.589
2024-01-02,0.817,1.519,0.922,1.691,0.88,1.485,0.965,1.588
2024-01-03,0.817,1.519,0.921,1.691,0.877,1.482,0.963,1.585
2024-01-04,0.817,1.519,0.921,1.691,0.876,1.482,0.962,1.583
2024-01-05,0.82,1.522,0.928,1.699,0.878,1.483,0.966,1.589
2024-01-06,0.82,1.522,0.926,1.696,0.878,1.483,0.964,1.586
2024-01-07,0.82,1.523,0.926,1.696,0.878,1.484,0.964,1.586
2024-01-08,0.82,1.523,0.926,1.697,0.878,1.483,0.964,1.586
2024-01-09,0.821,1.523,0.926,1.697,0.877,1.483,0.963,1.585
2024-01-10,0.817,1.519,0.922,1.691,0.873,1.477,0.957,1.578
2024-01-11,0.816,1.518,0.921,1.691,0.872,1.477,0.957,1.578
2024-01-12,0.816,1.518,0.924,1.694,0.872,1.476,0.959,1.581
2024-01-13,0.817,1.52,0.923,1.693,0.873,1.478,0.959,1.58
2024-01-14,0.818,1.52,0.923,1.693,0.874,1.479,0.96,1.582
2024-01-15,0.817,1.519,0.923,1.693,0.874,1.479,0.961,1.583
2024-01-16,0.817,1.519,0.924,1.694,0.874,1.478,0.961,1.582
2024-01-17,0.817,1.519,0.923,1.693,0.873,1.478,0.96,1.582
2024-01-18,0.819,1.521,0.925,1.696,0.875,1.48,0.963,1.585
2024-01-19,0.819,1.521,0.928,1.699,0.874,1.479,0.965,1.587
2024-01-20,0.82,1.523,0.927,1.698,0.876,1.481,0.964,1.587
2024-01-21,0.82,1.523,0.928,1.699,0.876,1.481,0.965,1.587
2024-01-22,0.821,1.524,0.928,1.698,0.877,1.482,0.965,1.588
2024-01-23,0.821,1.524,0.927,1.698,0.877,1.483,0.965,1.588
2024-01-24,0.823,1.526,0.929,1.701,0.879,1.485,0.967,1.59
2024-01-25,0.824,1.528,0.93,1.702,0.881,1.487,0.969,1.593
2024-01-26,0.826,1.53,0.936,1.709,0.882,1.489,0.974,1.598
2024-01-27,0.828,1.532,0.936,1.708,0.884,1.491,0.974,1.599
2024-01-28,0.829,1.534,0.937,1.71,0.886,1.493,0.976,1.6
2024-01-29,0.832,1.537,0.939,1.712,0.889,1.496,0.978,1.604
2024-01-30,0.835,1.54,0.941,1.715,0.891,1.499,0.981,1.606
2024-01-31,0.837,1.543,0.943,1.717,0.894,1.502,0.984,1.61
2024-02-01,0.839,1.545,0.946,1.72,0.896,1.505,0.986,1.612
2024-02-02,0.84,1.546,0.95,1.726,0.899,1.508,0.991,1.618
2024-02-03,0.84,1.547,0.948,1.723,0.899,1.509,0.989,1.616
2024-02-04,0.839,1.546,0.946,1.721,0.898,1.508,0.988,1.615
2024-02-05,0.84,1.546,0.946,1.721,0.9,1.509,0.988,1.615
2024-02-06,0.839,1.546,0.945,1.719,0.899,1.508,0.987,1.613
2024-02-07,0.84,1.547,0.946,1.72,0.899,1.509,0.988,1.614
2024-02-08,0.843,1.55,0.948,1.723,0.903,1.513,0.991,1.618
2024-02-09,0.847,1.555,0.955,1.731,0.907,1.519,0.997,1.626
2024-02-10,0.851,1.56,0.957,1.734,0.911,1.523,1.0,1.63
2024-02-11,0.853,1.563,0.96,1.738,0.914,1.527,1.004,1.634
2024-02-12,0.858,1.568,0.963,1.742,0.919,1.533,1.007,1.638
2024-02-13,0.862,1.573,0.967,1.746,0.924,1.539,1.012,1.644
2024-02-14,0.866,1.577,0.97,1.75,0.929,1.544,1.016,1.649
2024-02-15,0.869,1.582,0.974,1.754,0.933,1.549,1.02,1.653
2024-02-16,0.872,1.584,0.979,1.76,0.935,1.552,1.024,1.658
2024-02-17,0.872,1.585,0.977,1.758,0.936,1.552,1.023,1.656
2024-02-18,0.872,1.585,0.977,1.758,0.936,1.553,1.023,1.657
2024-02-19,0.874,1.587,0.978,1.759,0.938,1.555,1.025,1.659
2024-02-20,0.875,1.588,0.979,1.76,0.938,1.556,1.025,1.659
2024-02-21,0.876,1.589,0.979,1.76,0.939,1.556,1.025,1.659
2024-02-22,0.875,1.589,0.979,1.76,0.936,1.553,1.022,1.656
2024-02-23,0.876,1.589,0.982,1.764,0.934,1.551,1.022,1.656
2024-02-24,0.875,1.589,0.979,1.76,0.933,1.549,1.018,1.651
2024-02-25,0.876,1.589,0.979,1.761,0.932,1.548,1.016,1.649
2024-02-26,0.875,1.589,0.978,1.759,0.93,1.546,1.014,1.647
2024-02-27,0.875,1.589,0.978,1.759,0.928,1.544,1.013,1.645
2024-02-28,0.876,1.589,0.979,1.76,0.928,1.543,1.012,1.644
2024-02-29,0.877,1.591,0.98,1.762,0.927,1.542,1.011,1.643
2024-03-01,0.877,1.591,0.983,1.766,0.924,1.539,1.011,1.642
2024-03-02,0.877,1.591,0.981,1.763,0.924,1.539,1.009,1.64
2024-03-03,0.88,1.595,0.985,1.767,0.924,1.539,1.009,1.64
2024-03-04,0.882,1.597,0.986,1.769,0.925,1.539,1.009,1.64
2024-03-05,0.884,1.599,0.987,1.77,0.925,1.54,1.009,1.64
2024-03-06,0.884,1.599,0.988,1.771,0.921,1.535,1.005,1.635
2024-03-07,0.883,1.599,0.988,1.771,0.919,1.532,1.002,1.632
2024-03-08,0.884,1.599,0.991,1.774,0.918,1.531,1.004,1.634
2024-03-09,0.882,1.597,0.986,1.769,0.916,1.53,1.0,1.629
2024-03-10,0.881,1.596,0.985,1.767,0.915,1.528,0.998,1.627
2024-03-11,0.881,1.596,0.984,1.766,0.913,1.526,0.996,1.625
2024-03-12,0.88,1.595,0.984,1.766,0.911,1.523,0.994,1.622
2024-03-13,0.881,1.596,0.984,1.767,0.911,1.523,0.994,1.622
2024-03-14,0.882,1.597,0.986,1.769,0.909,1.52,0.991,1.619
2024-03-15,0.885,1.601,0.994,1.778,0.908,1.52,0.993,1.622
2024-03-16,0.887,1.603,0.993,1.777,0.91,1.521,0.993,1.621
2024-03-17,0.888,1.604,0.995,1.779,0.911,1.523,0.995,1.623
2024-03-18,0.89,1.607,0.997,1.782,0.912,1.524,0.996,1.625
2024-03-19,0.893,1.61,0.999,1.784,0.913,1.525,0.997,1.626
2024-03-20,0.897,1.615,1.004,1.791,0.916,1.529,1.001,1.63
2024-03-21,0.902,1.621,1.01,1.797,0.919,1.532,1.005,1.635
2024-03-22,0.904,1.623,1.014,1.803,0.92,1.534,1.008,1.639
2024-03-23,0.904,1.623,1.012,1.8,0.919,1.532,1.005,1.635
2024-03-24,0.904,1.623,1.012,1.801,0.919,1.532,1.004,1.634
2024-03-25,0.906,1.626,1.014,1.802,0.919,1.533,1.005,1.635
2024-03-26,0.907,1.626,1.014,1.803,0.919,1.533,1.004,1.634
2024-03-27,0.909,1.629,1.017,1.806,0.919,1.533,1.004,1.634
2024-03-28,0.909,1.629,1.017,1.806,0.919,1.532,1.004,1.634
2024-03-29,0.91,1.63,1.018,1.807,0.919,1.533,1.004,1.634
2024-03-30,0.91,1.63,1.018,1.807,0.919,1.533,1.004,1.634
2024-03-31,0.91,1.631,1.019,1.808,0.92,1.533,1.005,1.635
2024-04-01,0.913,1.633,1.02,1.81,0.921,1.534,1.005,1.636
2024-04-02,0.913,1.634,1.02,1.809,0.92,1.534,1.004,1.635
2024-04-03,0.915,1.636,1.021,1.811,0.921,1.535,1.005,1.636
2024-04-04,0.919,1.642,1.026,1.817,0.926,1.54,1.01,1.642
2024-04-05,0.923,1.646,1.033,1.825,0.928,1.544,1.016,1.648
2024-04-06,0.925,1.648,1.032,1.824,0.93,1.546,1.016,1.648
2024-04-07,0.926,1.649,1.033,1.825,0.931,1.547,1.017,1.65
2024-04-08,0.929,1.653,1.035,1.827,0.934,1.55,1.019,1.652
2024-04-09,0.932,1.656,1.037,1.83,0.935,1.551,1.019,1.653
2024-04-10,0.933,1.658,1.038,1.831,0.935,1.551,1.019,1.652
2024-04-11,0.933,1.658,1.038,1.831,0.934,1.55,1.018,1.651
2024-04-12,0.935,1.66,1.042,1.836,0.935,1.551,1.021,1.654
2024-04-13,0.935,1.661,1.04,1.834,0.935,1.552,1.02,1.653
2024-04-14,0.938,1.664,1.043,1.838,0.938,1.555,1.023,1.657
2024-04-15,0.94,1.666,1.044,1.839,0.939,1.556,1.024,1.658
2024-04-16,0.941,1.668,1.046,1.841,0.939,1.557,1.024,1.658
2024-04-17,0.942,1.669,1.047,1.842,0.939,1.556,1.023,1.657
2024-04-18,0.944,1.671,1.049,1.844,0.937,1.554,1.021,1.655
2024-04-19,0.944,1.671,1.052,1.848,0.934,1.551,1.021,1.654
2024-04-20,0.944,1.671,1.05,1.845,0.931,1.547,1.015,1.647
2024-04-21,0.944,1.672,1.05,1.845,0.93,1.546,1.013,1.645
2024-04-22,0.945,1.672,1.05,1.845,0.928,1.543,1.011,1.643
2024-04-23,0.944,1.671,1.049,1.844,0.924,1.539,1.007,1.638
2024-04-24,0.943,1.67,1.048,1.843,0.922,1.536,1.004,1.634
2024-04-25,0.943,1.67,1.047,1.842,0.92,1.534,1.003,1.633
2024-04-26,0.943,1.67,1.05,1.846,0.918,1.532,1.004,1.634
2024-04-27,0.943,1.67,1.048,1.843,0.917,1.53,1.0,1.63
2024-04-28,0.943,1.67,1.048,1.843,0.917,1.53,1.0,1.63
2024-04-29,0.943,1.67,1.048,1.843,0.916,1.529,0.999,1.629
2024-04-30,0.943,1.67,1.048,1.843,0.914,1.527,0.998,1.626
2024-05-01,0.943,1.67,1.048,1.844,0.914,1.527,0.997,1.626
2024-05-02,0.944,1.671,1.049,1.844,0.914,1.526,0.997,1.625
2024-05-03,0.942,1.669,1.05,1.845,0.911,1.523,0.996,1.625
2024-05-04,0.94,1.667,1.045,1.84,0.909,1.521,0.992,1.619
2024-05-05,0.94,1.666,1.044,1.838,0.908,1.519,0.991,1.618
2024-05-06,0.938,1.664,1.042,1.835,0.906,1.517,0.988,1.615
2024-05-07,0.936,1.661,1.039,1.833,0.902,1.512,0.985,1.611
2024-05-08,0.933,1.658,1.037,1.83,0.899,1.508,0.982,1.608
2024-05-09,0.931,1.655,1.035,1.827,0.896,1.505,0.979,1.604
2024-05-10,0.929,1.653,1.035,1.828,0.894,1.502,0.979,1.604
2024-05-11,0.927,1.651,1.031,1.823,0.892,1.501,0.975,1.6
2024-05-12,0.926,1.65,1.029,1.821,0.891,1.499,0.974,1.598
2024-05-13,0.924,1.647,1.027,1.819,0.888,1.496,0.972,1.595
2024-05-14,0.922,1.645,1.026,1.817,0.886,1.493,0.969,1.592
2024-05-15,0.92,1.642,1.024,1.814,0.883,1.49,0.965,1.588
2024-05-16,0.917,1.639,1.021,1.811,0.88,1.486,0.962,1.584
2024-05-17,0.916,1.638,1.023,1.813,0.879,1.484,0.964,1.586
2024-05-18,0.916,1.637,1.02,1.81,0.879,1.484,0.961,1.582
2024-05-19,0.916,1.637,1.02,1.81,0.879,1.484,0.961,1.583
2024-05-20,0.915,1.637,1.02,1.809,0.878,1.483,0.961,1.582
2024-05-21,0.915,1.636,1.019,1.808,0.878,1.483,0.96,1.582
2024-05-22,0.914,1.635,1.018,1.808,0.877,1.481,0.959,1.581
2024-05-23,0.912,1.632,1.016,1.805,0.874,1.478,0.957,1.578
2024-05-24,0.91,1.631,1.016,1.805,0.873,1.477,0.958,1.579
2024-05-25,0.908,1.628,1.013,1.801,0.871,1.474,0.954,1.574
2024-05-26,0.907,1.627,1.012,1.799,0.87,1.473,0.953,1.573
2024-05-27,0.906,1.625,1.01,1.798,0.868,1.471,0.951,1.57
2024-05-28,0.905,1.624,1.009,1.796,0.866,1.469,0.949,1.568
2024-05-29,0.904,1.623,1.008,1.795,0.866,1.468,0.948,1.567
2024-05-30,0.904,1.623,1.008,1.796,0.866,1.468,0.949,1.568
2024-05-31,0.903,1.622,1.011,1.798,0.864,1.467,0.95,1.569
2024-06-01,0.902,1.621,1.008,1.795,0.864,1.466,0.948,1.567
2024-06-02,0.901,1.62,1.006,1.793,0.863,1.465,0.947,1.565
2024-06-03,0.9,1.618,1.005,1.791,0.862,1.464,0.945,1.563
2024-06-04,0.898,1.616,1.003,1.789,0.859,1.46,0.942,1.56
2024-06-05,0.892,1.609,0.997,1.783,0.854,1.454,0.937,1.554
2024-06-06,0.889,1.605,0.994,1.778,0.85,1.45,0.933,1.549
2024-06-07,0.886,1.602,0.994,1.779,0.848,1.447,0.934,1.55
2024-06-08,0.885,1.601,0.991,1.775,0.847,1.446,0.931,1.546
2024-06-09,0.885,1.601,0.991,1.775,0.847,1.446,0.931,1.546
2024-06-10,0.884,1.599,0.99,1.774,0.845,1.444,0.929,1.544
2024-06-11,0.883,1.598,0.99,1.773,0.845,1.443,0.928,1.542
2024-06-12,0.883,1.598,0.99,1.773,0.845,1.443,0.928,1.542
2024-06-13,0.883,1.598,0.99,1.773,0.847,1.445,0.93,1.545
2024-06-14,0.883,1.598,0.992,1.776,0.848,1.446,0.934,1.549
2024-06-15,0.883,1.598,0.989,1.773,0.85,1.45,0.935,1.551
2024-06-16,0.883,1.598,0.99,1.773,0.852,1.452,0.938,1.554
2024-06-17,0.883,1.598,0.99,1.773,0.855,1.455,0.94,1.557
2024-06-18,0.882,1.597,0.989,1.772,0.855,1.456,0.94,1.557
2024-06-19,0.882,1.597,0.989,1.772,0.857,1.458,0.942,1.559
2024-06-20,0.883,1.598,0.99,1.773,0.86,1.462,0.945,1.563
2024-06-21,0.883,1.599,0.993,1.777,0.864,1.466,0.95,1.57
2024-06-22,0.883,1.599,0.99,1.773,0.866,1.469,0.951,1.571
2024-06-23,0.885,1.601,0.992,1.776,0.868,1.471,0.954,1.573
2024-06-24,0.887,1.603,0.993,1.777,0.872,1.476,0.956,1.576
2024-06-25,0.886,1.602,0.993,1.777,0.872,1.476,0.956,1.577
2024-06-26,0.887,1.603,0.993,1.777,0.874,1.478,0.958,1.579
2024-06-27,0.888,1.604,0.993,1.777,0.877,1.482,0.961,1.582
2024-06-28,0.888,1.604,0.996,1.781,0.878,1.483,0.965,1.587
2024-06-29,0.889,1.605,0.995,1.78,0.88,1.485,0.965,1.587
2024-06-30,0.889,1.606,0.995,1.78,0.88,1.486,0.966,1.588
2024-07-01,0.89,1.606,0.996,1.781,0.882,1.488,0.967,1.589
2024-07-02,0.89,1.607,0.996,1.781,0.882,1.488,0.966,1.589
2024-07-03,0.891,1.608,0.997,1.782,0.885,1.492,0.97,1.593
2024-07-04,0.891,1.608,0.997,1.782,0.888,1.495,0.972,1.596
2024-07-05,0.892,1.609,1.0,1.786,0.889,1.496,0.975,1.6
2024-07-06,0.892,1.609,0.998,1.783,0.889,1.496,0.974,1.598
2024-07-07,0.892,1.609,0.998,1.783,0.889,1.497,0.974,1.598
2024-07-08,0.893,1.61,0.998,1.783,0.89,1.498,0.975,1.599
2024-07-09,0.893,1.61,0.997,1.782,0.891,1.498,0.975,1.599
2024-07-10,0.891,1.608,0.996,1.78,0.889,1.496,0.973,1.596
2024-07-11,0.888,1.605,0.992,1.776,0.886,1.493,0.97,1.593
2024-07-12,0.888,1.604,0.995,1.779,0.886,1.493,0.971,1.595
2024-07-13,0.888,1.604,0.992,1.776,0.886,1.493,0.97,1.593
2024-07-14,0.888,1.604,0.992,1.776,0.886,1.492,0.97,1.593
2024-07-15,0.888,1.604,0.992,1.776,0.885,1.492,0.969,1.592
2024-07-16,0.888,1.604,0.992,1.776,0.884,1.49,0.968,1.591
2024-07-17,0.885,1.601,0.989,1.773,0.882,1.488,0.965,1.588
2024-07-18,0.883,1.598,0.986,1.769,0.879,1.485,0.962,1.584
2024-07-19,0.882,1.597,0.988,1.772,0.879,1.484,0.964,1.586
2024-07-20,0.882,1.597,0.988,1.771,0.878,1.484,0.964,1.586
2024-07-21,0.882,1.597,0.988,1.771,0.878,1.483,0.964,1.586
2024-07-22,0.881,1.596,0.985,1.768,0.878,1.483,0.96,1.582
2024-07-23,0.881,1.596,0.984,1.767,0.877,1.482,0.958,1.579
2024-07-24,0.88,1.595,0.984,1.766,0.874,1.478,0.955,1.576
2024-07-25,0.878,1.593,0.982,1.764,0.872,1.476,0.953,1.573
2024-07-26,0.879,1.593,0.985,1.768,0.871,1.475,0.954,1.575
2024-07-27,0.878,1.593,0.982,1.764,0.87,1.474,0.952,1.572
2024-07-28,0.877,1.591,0.98,1.762,0.87,1.473,0.951,1.57
2024-07-29,0.876,1.59,0.979,1.761,0.869,1.472,0.95,1.569
2024-07-30,0.874,1.588,0.981,1.763,0.867,1.47,0.95,1.57
2024-07-31,0.873,1.587,0.979,1.761,0.865,1.468,0.949,1.568
2024-08-01,0.872,1.585,0.979,1.76,0.864,1.466,0.947,1.565
2024-08-02,0.872,1.585,0.982,1.764,0.864,1.466,0.949,1.568
2024-08-03,0.871,1.585,0.979,1.76,0.863,1.466,0.947,1.566
2024-08-04,0.871,1.584,0.979,1.76,0.863,1.466,0.947,1.565
2024-08-05,0.87,1.583,0.978,1.759,0.862,1.464,0.945,1.564
2024-08-06,0.867,1.58,0.974,1.755,0.859,1.461,0.942,1.56
2024-08-07,0.863,1.574,0.97,1.75,0.854,1.455,0.938,1.555
2024-08-08,0.859,1.57,0.967,1.746,0.851,1.451,0.935,1.551
2024-08-09,0.858,1.569,0.97,1.75,0.85,1.45,0.937,1.553
2024-08-10,0.858,1.568,0.967,1.746,0.85,1.45,0.935,1.551
2024-08-11,0.858,1.568,0.967,1.746,0.85,1.45,0.935,1.551
2024-08-12,0.857,1.567,0.966,1.745,0.849,1.449,0.934,1.551
2024-08-13,0.856,1.567,0.966,1.745,0.849,1.448,0.934,1.55
2024-08-14,0.857,1.568,0.966,1.745,0.85,1.45,0.934,1.55
2024-08-15,0.858,1.568,0.966,1.745,0.85,1.45,0.935,1.552
2024-08-16,0.857,1.567,0.966,1.745,0.85,1.45,0.935,1.552
2024-08-17,0.855,1.565,0.964,1.743,0.85,1.449,0.935,1.551
2024-08-18,0.855,1.565,0.964,1.742,0.849,1.449,0.934,1.551
2024-08-19,0.854,1.563,0.963,1.741,0.848,1.448,0.934,1.55
2024-08-20,0.851,1.56,0.96,1.738,0.846,1.445,0.931,1.547
2024-08-21,0.847,1.556,0.957,1.734,0.842,1.44,0.927,1.542
2024-08-22,0.842,1.55,0.952,1.727,0.836,1.434,0.922,1.536
2024-08-23,0.839,1.545,0.951,1.727,0.834,1.431,0.923,1.537
2024-08-24,0.838,1.544,0.948,1.723,0.834,1.43,0.921,1.534
2024-08-25,0.837,1.544,0.948,1.723,0.834,1.43,0.92,1.534
2024-08-26,0.836,1.542,0.946,1.722,0.832,1.429,0.919,1.533
2024-08-27,0.835,1.541,0.946,1.721,0.831,1.428,0.919,1.532
2024-08-28,0.834,1.54,0.945,1.72,0.83,1.426,0.918,1.531
2024-08-29,0.832,1.537,0.943,1.717,0.828,1.423,0.916,1.528
2024-08-30,0.829,1.534,0.943,1.717,0.825,1.42,0.916,1.528
2024-08-31,0.829,1.533,0.94,1.714,0.825,1.42,0.913,1.525
