Fecha,Real_Llano,Real_Punta,Real_Valle,Prevista_Llano,Prevista_Punta,Prevista_Valle,Programada_Llano,Programada_Punta,Programada_Valle
2022-10-01,24323.513,24323.513,24323.513,24341.55,24341.55,24341.55,24347.205,24347.205,24347.205
2022-10-02,22691.646,22691.646,22691.646,22705.892,22705.892,22705.892,22683.682,22683.682,22683.682
2022-10-03,29573.196,31173.437,25146.725,29700.682,31032.725,25064.372,29557.442,31184.978,25185.401
2022-10-04,30106.177,31426.656,26395.682,30031.165,31500.473,26388.729,30008.665,31498.971,26421.755
2022-10-05,29999.78,31309.654,26446.464,29980.881,31290.09,26374.026,30089.038,31416.007,26517.363
2022-10-06,30288.179,31420.275,26799.194,30169.106,31462.013,26624.693,30207.424,31604.978,26870.788
2022-10-07,29914.495,30509.848,26526.171,29821.079,30512.193,26459.964,29850.79,30693.401,26654.916
2022-10-08,24818.207,24818.207,24818.207,24832.816,24832.816,24832.816,24809.165,24809.165,24809.165
2022-10-09,22796.386,22796.386,22796.386,22823.851,22823.851,22823.851,22817.462,22817.462,22817.462
2022-10-10,29672.0,30859.899,25083.052,29495.045,30804.748,25108.341,29703.906,30871.828,25119.467
2022-10-11,29551.417,30278.147,26001.993,29503.921,30275.695,25952.992,29573.162,30284.797,25991.675
2022-10-12,24701.734,25882.887,22502.928,24698.723,26124.567,22532.503,24672.009,25931.356,22483.733
2022-10-13,29259.682,30928.447,24962.043,29131.113,30632.148,24910.098,29167.96,30678.464,24979.442
2022-10-14,29355.398,30466.377,25873.82,29297.839,30591.356,25895.624,29324.469,30667.41,25886.349
2022-10-15,24116.96,24116.96,24116.96,24090.865,24090.865,24090.865,24100.723,24100.723,24100.723
2022-10-16,22705.278,22705.278,22705.278,22717.15,22717.15,22717.15,22735.016,22735.016,22735.016
2022-10-17,29657.389,31142.304,25093.174,29575.52,31076.098,25043.477,29595.209,31167.75,25031.568
2022-10-18,29996.781,31728.319,26363.386,29881.699,31557.881,26287.438,29991.995,31600.971,26360.765
2022-10-19,30723.347,32070.28,26977.515,30474.061,31872.368,26780.351,30715.792,32045.794,26932.227
2022-10-20,30974.476,32208.382,27044.917,30776.715,31996.209,26987.27,30942.232,32142.582,27077.066
2022-10-21,30093.939,30759.572,26831.78,30086.66,30817.165,26614.651,30153.595,30836.957,26839.187
2022-10-22,24647.199,24647.199,24647.199,24669.587,24669.587,24669.587,24607.756,24607.756,24607.756
2022-10-23,23130.214,23130.214,23130.214,22979.843,22979.843,22979.843,22983.683,22983.683,22983.683
2022-10-24,29407.943,31378.083,25086.446,29461.837,31177.802,24967.311,29472.544,31238.802,25087.914
2022-10-25,29918.215,31729.61,26110.56,29733.127,31634.146,26127.01,29760.012,31702.348,26114.221
2022-10-26,30003.018,31856.59,26401.609,30035.589,31801.08,26325.954,29967.42,32027.191,26425.606
2022-10-27,29742.877,31518.132,26228.293,29811.38,31692.34,26182.585,29609.503,31580.927,26193.736
2022-10-28,29153.775,30303.027,25986.148,29157.535,30480.91,25982.437,29110.371,30400.337,25977.073
2022-10-29,24154.95,24154.95,24154.95,24161.827,24161.827,24161.827,24110.843,24110.843,24110.843
2022-10-30,22401.991,22401.991,22401.991,22413.271,22413.271,22413.271,22396.646,22396.646,22396.646
2022-10-31,26715.387,28360.146,22966.449,26438.476,28225.455,22969.247,26552.732,28318.406,22905.344
2022-11-01,23664.254,26484.473,21382.811,23730.744,26384.099,21473.693,23637.93,26386.984,21351.372
2022-11-02,28537.438,31372.684,24654.19,28482.297,31378.622,24456.992,28470.574,31476.191,24582.94
2022-11-03,29362.93,31343.258,25816.429,29176.005,31395.683,25778.083,29305.102,31346.034,25849.826
2022-11-04,29131.347,30889.171,25785.125,29067.996,30722.875,25632.799,29030.873,30903.548,25806.557
2022-11-05,24041.578,24041.578,24041.578,24116.431,24116.431,24116.431,24107.876,24107.876,24107.876
2022-11-06,22342.728,22342.728,22342.728,22335.885,22335.885,22335.885,22373.694,22373.694,22373.694
2022-11-07,28932.937,31865.783,24526.392,28755.863,31487.161,24389.024,28854.801,31780.616,24523.134
2022-11-08,29839.483,32093.639,26219.199,29636.734,32157.564,26025.412,29850.724,32129.784,26228.572
2022-11-09,29617.574,31621.551,25924.962,29377.852,31640.207,25828.925,29519.685,31609.682,25971.7
2022-11-10,29428.46,31726.226,26117.99,29695.675,31476.925,26040.232,29673.856,31851.661,26134.232
2022-11-11,29768.774,31309.889,26346.123,29445.908,31432.284,26275.51,29690.699,31253.206,26336.719
2022-11-12,24817.081,24817.081,24817.081,24733.343,24733.343,24733.343,24806.949,24806.949,24806.949
2022-11-13,22787.327,22787.327,22787.327,22782.911,22782.911,22782.911,22778.223,22778.223,22778.223
2022-11-14,29831.513,32289.341,25162.19,29612.687,32040.396,25028.288,29765.55,32323.202,25176.61
2022-11-15,30386.628,32477.911,26469.706,30133.311,32376.993,26374.305,30281.131,32348.451,26417.342
2022-11-16,30653.444,32768.245,26757.361,30485.7,32633.132,26666.528,30508.058,32649.143,26754.449
2022-11-17,30496.502,32713.882,26801.179,30336.491,32582.036,26689.125,30452.352,32704.151,26810.662
2022-11-18,30438.267,31713.798,26657.693,30411.642,31744.456,26742.104,30371.543,31712.275,26710.383
2022-11-19,25495.939,25495.939,25495.939,25401.609,25401.609,25401.609,25413.639,25413.639,25413.639
2022-11-20,23657.06,23657.06,23657.06,23608.917,23608.917,23608.917,23574.516,23574.516,23574.516
2022-11-21,31731.25,33991.709,26304.435,31359.594,33763.229,26190.863,31560.186,33919.468,26218.773
2022-11-22,32441.223,34830.92,27740.817,32250.016,34627.174,27576.362,32351.983,34823.448,27699.731
2022-11-23,31573.692,33489.077,27626.397,31583.292,33474.667,27576.816,31567.825,33662.98,27567.736
2022-11-24,31543.25,33404.698,27391.247,31316.864,33634.397,27339.584,31479.959,33466.742,27430.08
2022-11-25,30562.809,32290.621,26887.147,30603.36,32121.046,26831.296,30556.107,32411.56,26939.007
2022-11-26,25840.923,25840.923,25840.923,25758.642,25758.642,25758.642,25836.341,25836.341,25836.341
2022-11-27,24480.537,24480.537,24480.537,24322.16,24322.16,24322.16,24376.812,24376.812,24376.812
2022-11-28,31838.743,34590.084,26356.503,31807.034,34238.138,26267.546,31874.242,34450.338,26339.769
2022-11-29,32275.939,34797.331,27792.097,32272.532,34789.269,27730.767,32264.67,34732.069,27889.542
2022-11-30,32740.304,35239.812,28292.207,32756.746,35339.742,28172.185,32753.181,35300.55,28296.253
2022-12-01,33019.409,35672.278,28459.381,32985.338,35587.158,28456.871,32921.047,35636.064,28529.669
2022-12-02,33269.998,34842.035,28528.311,33160.681,34836.47,28493.674,33287.492,34891.716,28592.82
2022-12-03,27731.585,27731.585,27731.585,27709.185,27709.185,27709.185,27818.498,27818.498,27818.498
2022-12-04,25882.156,25882.156,25882.156,25846.035,25846.035,25846.035,25952.31,25952.31,25952.31
2022-12-05,32592.599,34095.472,27169.853,32545.026,34139.311,27119.137,32534.459,34103.899,27188.717
2022-12-06,29035.01,30846.622,25403.754,28883.431,31015.767,25481.793,29095.93,30927.487,25414.625
2022-12-07,31773.607,33282.322,26938.98,31601.91,33352.731,26927.532,31765.848,33408.769,26970.4
2022-12-08,28508.954,30208.847,24892.908,28089.391,30362.186,24953.314,28568.648,30566.745,24985.719
2022-12-09,30654.291,32227.268,25990.826,30627.073,32019.408,26036.624,30641.296,32252.339,26063.827
2022-12-10,26201.447,26201.447,26201.447,26213.711,26213.711,26213.711,26186.237,26186.237,26186.237
2022-12-11,25655.9,25655.9,25655.9,25575.23,25575.23,25575.23,25745.574,25745.574,25745.574
2022-12-12,33767.22,35874.003,27661.406,33445.688,35644.755,27513.965,33552.63,36006.614,27679.056
2022-12-13,33399.148,35151.002,28626.402,33238.83,34913.434,28581.677,33126.783,35150.367,28563.175
2022-12-14,32420.955,34679.074,28261.374,32503.862,34536.935,28146.206,32365.7,34693.23,28085.178
2022-12-15,32207.273,34200.714,27789.479,32088.609,34152.698,27737.785,32139.582,34170.988,27768.044
2022-12-16,32313.356,33720.127,27966.976,32342.881,33721.462,27873.648,32326.599,33857.876,27926.819
2022-12-17,26521.744,26521.744,26521.744,26629.575,26629.575,26629.575,26624.546,26624.546,26624.546
2022-12-18,25085.456,25085.456,25085.456,25079.91,25079.91,25079.91,25042.758,25042.758,25042.758
2022-12-19,32892.691,35496.558,27142.015,32672.486,35396.368,27056.373,32840.562,35509.888,27128.548
2022-12-20,32944.234,35105.938,28315.019,32921.063,35068.212,28197.298,32873.022,35096.654,28317.297
2022-12-21,32231.28,34086.319,27703.994,32213.384,34214.556,27702.265,32137.916,34153.972,27734.288
2022-12-22,31431.066,33143.196,27071.398,31430.146,33263.223,27182.208,31198.822,33034.269,27020.934
2022-12-23,29616.306,30898.095,26084.399,29890.846,31157.425,26167.543,29470.952,30978.456,25996.239
2022-12-24,23630.682,23630.682,23630.682,23582.771,23582.771,23582.771,23529.405,23529.405,23529.405
2022-12-25,20692.75,20692.75,20692.75,20883.76,20883.76,20883.76,20511.316,20511.316,20511.316
2022-12-26,24521.525,27070.101,20564.559,24346.223,27197.463,20561.788,24517.15,27166.754,20423.469
2022-12-27,27970.899,30420.453,23261.323,27788.468,30476.057,23140.326,27960.043,30322.878,23127.804
2022-12-28,28539.259,31101.149,24248.484,28442.923,30922.078,24177.374,28377.53,31155.867,24226.333
2022-12-29,29152.826,31346.708,24597.532,29008.558,31085.068,24527.15,29125.509,31184.593,24560.78
2022-12-30,28292.375,30052.945,24279.759,28237.392,29751.381,24256.92,28223.821,29986.94,24198.749
2022-12-31,23542.475,23542.475,23542.475,23432.257,23432.257,23432.257,23471.045,23471.045,23471.045
2023-01-01,21021.384,21021.384,21021.384,21035.485,21035.485,21035.485,21021.095,21021.095,21021.095
2023-01-02,28817.867,30907.556,23357.13,28848.174,31130.302,23317.03,28715.488,30971.062,23315.5
2023-01-03,30880.978,33206.952,25665.501,30675.123,32734.029,25688.85,30782.26,32922.656,25636.071
2023-01-04,31195.606,33267.255,26417.646,31096.574,33005.442,26445.239,31183.318,33366.266,26458.227
2023-01-05,30272.929,30611.194,26366.085,30311.145,30383.371,26124.918,30187.238,30481.664,26271.88
2023-01-06,25580.443,28124.815,22469.622,25548.069,28087.457,22510.846,25610.176,28332.41,22346.644
2023-01-07,26108.776,26108.776,26108.776,26031.368,26031.368,26031.368,26000.278,26000.278,26000.278
2023-01-08,25693.533,25693.533,25693.533,25534.114,25534.114,25534.114,25556.293,25556.293,25556.293
2023-01-09,32133.472,34947.302,26556.0,32023.475,34398.306,26519.574,32110.874,34829.394,26505.702
2023-01-10,33000.437,35707.119,28042.208,32846.83,35326.707,27860.791,32963.553,35595.583,27956.914
2023-01-11,33337.572,35666.365,28549.586,33142.818,35496.275,28502.88,33282.715,35588.87,28607.03
2023-01-12,33329.542,36219.74,28528.537,33219.292,35950.071,28344.536,33200.901,36215.539,28532.458
2023-01-13,33305.228,35159.579,28620.09,33107.041,34776.759,28632.247,33294.381,35121.865,28609.863
2023-01-14,27721.82,27721.82,27721.82,27699.728,27699.728,27699.728,27601.932,27601.932,27601.932
2023-01-15,25785.419,25785.419,25785.419,25672.946,25672.946,25672.946,25595.6,25595.6,25595.6
2023-01-16,34869.859,37261.21,28633.594,34811.523,37243.573,28588.995,34774.749,37264.426,28548.035
2023-01-17,34350.547,37438.067,29289.703,34089.564,36873.04,29296.978,34219.122,37101.616,29300.248
2023-01-18,35197.127,38332.709,29947.599,35204.716,38313.304,29807.71,35082.027,38288.97,29787.761
2023-01-19,35280.751,38535.016,30331.908,35236.652,38710.737,30301.193,35214.267,38649.336,30161.076
2023-01-20,33802.295,35825.244,29680.239,33855.367,35991.463,29745.153,33784.157,35958.855,29533.751
2023-01-21,28289.801,28289.801,28289.801,28333.298,28333.298,28333.298,28214.67,28214.67,28214.67
2023-01-22,26926.205,26926.205,26926.205,26796.746,26796.746,26796.746,26810.134,26810.134,26810.134
2023-01-23,35819.91,39760.891,29474.224,35792.892,39223.108,29412.97,35788.263,39690.556,29448.921
2023-01-24,37366.185,40685.111,31369.817,37018.211,40647.087,31324.123,37228.31,40676.53,31348.728
2023-01-25,36617.717,39981.767,31048.676,36550.443,39582.59,31061.93,36540.751,39910.405,31091.846
2023-01-26,36807.266,40163.907,31288.809,36584.23,40052.12,31209.106,36709.559,40177.349,31308.238
2023-01-27,35874.904,38786.049,31036.319,35964.245,38536.778,30849.232,35755.209,38707.267,31033.993
2023-01-28,29865.883,29865.883,29865.883,29872.632,29872.632,29872.632,29798.82,29798.82,29798.82
2023-01-29,28101.36,28101.36,28101.36,27984.656,27984.656,27984.656,27975.114,27975.114,27975.114
2023-01-30,36187.245,39517.003,29864.809,36176.111,39647.38,29834.874,36104.866,39637.271,29743.874
2023-01-31,35941.574,39479.05,30664.054,35953.035,39020.958,30645.459,35820.243,39464.586,30689.83
2023-02-01,35643.127,39168.042,30665.108,35591.803,39048.569,30641.939,35515.547,39188.287,30639.821
2023-02-02,35272.961,38474.598,30474.824,35271.02,38379.343,30459.31,35193.104,38486.896,30440.68
2023-02-03,34501.989,36581.205,30034.561,34427.937,36822.391,30074.453,34391.153,36680.03,30091.257
2023-02-04,28201.536,28201.536,28201.536,28244.26,28244.26,28244.26,28138.487,28138.487,28138.487
2023-02-05,26104.383,26104.383,26104.383,26103.229,26103.229,26103.229,26009.386,26009.386,26009.386
2023-02-06,35224.18,38676.128,28855.319,34848.185,38797.577,28799.258,35000.589,38716.525,28817.761
2023-02-07,36709.799,39310.862,31000.497,36665.328,39303.632,30967.06,36492.234,39259.796,30983.394
2023-02-08,36266.692,39098.656,30869.019,36268.879,39092.55,30808.048,36079.3,39165.588,30891.935
2023-02-09,35602.112,38464.124,30603.258,35600.555,38415.3,30602.508,35589.873,38460.315,30608.74
2023-02-10,35474.927,37599.611,30679.031,35340.973,37598.764,30589.287,35512.531,37606.295,30668.681
2023-02-11,29039.616,29039.616,29039.616,29052.909,29052.909,29052.909,29052.469,29052.469,29052.469
2023-02-12,27064.798,27064.798,27064.798,26893.512,26893.512,26893.512,27038.653,27038.653,27038.653
2023-02-13,34852.375,37516.155,28962.507,34812.937,37505.48,28920.354,34822.395,37506.325,29037.978
2023-02-14,34949.563,37474.408,29888.8,34708.839,37488.211,29902.868,34791.731,37559.206,29942.166
2023-02-15,34281.219,36997.578,29551.649,34207.34,36984.401,29500.131,34205.859,36948.348,29531.523
2023-02-16,33642.36,36401.304,29367.12,33693.506,36446.726,29401.618,33562.364,36395.4,29408.329
2023-02-17,33116.378,35045.613,29036.933,33027.331,35101.51,29061.267,33068.43,35151.755,29156.372
2023-02-18,27369.007,27369.007,27369.007,27423.553,27423.553,27423.553,27310.024,27310.024,27310.024
2023-02-19,25170.594,25170.594,25170.594,25213.589,25213.589,25213.589,25156.613,25156.613,25156.613
2023-02-20,31881.255,34210.963,26945.199,31863.342,34324.697,26974.43,31920.845,34313.096,26955.307
2023-02-21,32158.024,34566.054,27786.714,32050.971,34466.997,27804.051,32046.168,34681.074,27808.845
2023-02-22,31976.735,34822.574,27984.59,32059.027,34879.845,27934.604,31963.798,35049.541,27964.096
2023-02-23,33198.062,35553.51,28578.302,33160.83,35642.564,28650.163,33097.762,35465.671,28648.487
2023-02-24,32863.035,34685.309,28748.435,33144.347,34770.874,28660.433,32912.783,34524.622,28762.877
2023-02-25,27841.527,27841.527,27841.527,27858.29,27858.29,27858.29,27826.968,27826.968,27826.968
2023-02-26,26114.216,26114.216,26114.216,26073.82,26073.82,26073.82,26087.746,26087.746,26087.746
2023-02-27,34920.642,37708.897,28800.089,34988.912,37684.061,28539.191,34890.531,37809.636,28739.052
2023-02-28,34595.329,37233.472,29687.866,34465.574,36954.236,29721.314,34452.083,37096.26,29674.158
2023-03-01,35132.054,38161.053,30351.431,35221.17,38226.312,30248.267,35155.887,38312.25,30421.006
2023-03-02,35304.747,38264.678,30442.872,35326.03,37891.89,30433.768,35156.205,38273.406,30535.983
2023-03-03,34172.207,36129.805,30146.606,34169.243,36274.862,30114.765,34123.937,36259.499,30192.478
2023-03-04,28073.445,28073.445,28073.445,28103.746,28103.746,28103.746,28055.712,28055.712,28055.712
2023-03-05,26714.494,26714.494,26714.494,26647.51,26647.51,26647.51,26723.575,26723.575,26723.575
2023-03-06,33400.388,36031.035,28191.615,33291.233,35933.939,28181.193,33330.389,36132.251,28266.722
2023-03-07,32706.267,35197.056,28513.499,32626.127,35097.243,28519.421,32579.5,35305.701,28478.759
2023-03-08,31975.312,34176.112,28287.784,31713.035,34308.579,28262.971,31714.455,34230.16,28308.025
2023-03-09,31979.292,33774.167,27864.272,31487.049,33704.292,27937.102,31781.615,33805.715,27873.47
2023-03-10,30009.768,31820.801,27206.935,30284.042,31872.999,27117.078,29770.798,31900.523,27244.942
2023-03-11,25288.527,25288.527,25288.527,25346.247,25346.247,25346.247,25077.422,25077.422,25077.422
2023-03-12,23232.444,23232.444,23232.444,23336.372,23336.372,23336.372,23104.828,23104.828,23104.828
2023-03-13,29432.271,32283.468,25369.643,29458.843,32348.554,25340.695,29313.871,32367.334,25360.568
2023-03-14,29519.508,31729.586,26348.764,29531.161,32179.488,26388.23,29416.255,31850.595,26343.743
2023-03-15,29517.336,31880.502,26448.318,29460.89,32085.309,26434.964,29467.106,31977.155,26410.381
2023-03-16,29597.425,32007.947,26422.114,29662.435,32027.796,26403.436,29450.535,32082.704,26465.15
2023-03-17,29541.942,31057.206,26511.793,29314.997,31059.353,26469.277,29383.531,31207.04,26481.405
2023-03-18,25261.065,25261.065,25261.065,25203.518,25203.518,25203.518,25200.05,25200.05,25200.05
2023-03-19,23013.062,23013.062,23013.062,23161.046,23161.046,23161.046,22991.413,22991.413,22991.413
2023-03-20,28524.25,31101.594,24784.738,28578.094,31056.971,24732.247,28478.83,31295.413,24703.753
2023-03-21,29281.972,31770.192,26124.204,29215.883,31657.553,26102.056,29217.083,31806.404,26150.761
2023-03-22,28926.84,31486.67,26030.387,28981.771,31572.316,26078.498,28829.936,31515.358,26071.025
2023-03-23,28931.079,31856.31,25917.304,28883.125,31558.967,25964.726,28811.03,31971.425,25902.884
2023-03-24,29244.899,30872.925,26267.544,29159.162,30806.034,26224.386,29102.783,30899.215,26248.818
2023-03-25,24665.745,24665.745,24665.745,24628.228,24628.228,24628.228,24525.145,24525.145,24525.145
2023-03-26,22734.328,22734.328,22734.328,22672.068,22672.068,22672.068,22557.083,22557.083,22557.083
2023-03-27,28811.595,29669.993,25010.353,28789.779,29808.576,25098.705,28596.801,29871.959,24905.139
2023-03-28,29077.506,29889.944,25947.981,28929.849,29864.017,25939.544,28860.926,29954.541,25868.48
2023-03-29,28813.124,29721.359,25804.772,28754.327,29453.796,25973.961,28604.796,29736.054,25760.622
2023-03-30,28248.199,29613.18,25549.385,28480.9,29639.017,25650.559,28220.611,29928.555,25464.865
2023-03-31,28204.517,28737.533,25580.456,28277.819,28673.082,25676.381,28202.828,28854.16,25553.904
2023-04-01,23901.184,23901.184,23901.184,23939.374,23939.374,23939.374,23876.084,23876.084,23876.084
2023-04-02,21928.531,21928.531,21928.531,22061.482,22061.482,22061.482,21943.346,21943.346,21943.346
2023-04-03,27585.051,28695.919,23854.306,27707.751,28386.264,23965.587,27660.624,29117.268,23981.851
2023-04-04,28050.211,28922.901,24766.889,28132.435,28822.189,24715.597,28109.046,29078.552,24762.3
2023-04-05,27461.092,27726.624,24576.637,27531.413,28079.712,24629.267,27430.591,28002.156,24694.375
2023-04-06,24042.27,24542.717,21827.314,24130.25,24711.923,21834.971,24010.911,24609.509,21773.079
2023-04-07,21913.347,22457.44,19883.367,21979.415,22862.006,20017.675,21884.789,22723.456,19929.037
2023-04-08,21402.392,21402.392,21402.392,21548.981,21548.981,21548.981,21411.183,21411.183,21411.183
2023-04-09,20517.174,20517.174,20517.174,20701.452,20701.452,20701.452,20514.204,20514.204,20514.204
2023-04-10,24652.179,25758.073,21027.928,24696.473,25575.701,21134.964,24544.602,25969.434,20993.378
2023-04-11,27631.947,28504.514,23788.012,27597.658,28425.818,23724.86,27608.84,28800.549,23774.726
2023-04-12,28430.43,29554.834,24882.262,28043.806,29281.762,24789.045,28395.4,29473.78,24861.934
2023-04-13,28052.793,28968.486,24967.706,28203.039,28829.498,24864.549,27955.438,28612.77,24962.875
2023-04-14,28515.137,28810.075,25053.716,28082.528,28616.073,25025.469,28423.865,29010.913,25035.632
2023-04-15,23851.652,23851.652,23851.652,23819.555,23819.555,23819.555,23819.751,23819.751,23819.751
2023-04-16,21772.322,21772.322,21772.322,21788.294,21788.294,21788.294,21776.026,21776.026,21776.026
2023-04-17,27613.642,28422.911,23800.575,27451.532,28509.705,23818.078,27545.207,28556.752,23831.027
2023-04-18,28242.596,28850.256,24872.172,28097.96,28903.364,24862.64,28167.021,29057.365,24898.204
2023-04-19,28086.45,28828.347,24957.219,28047.86,28913.557,24914.454,28076.882,29044.534,24975.347
2023-04-20,28080.249,29127.606,25015.982,28061.936,29052.309,24977.034,27999.67,29215.59,25069.427
2023-04-21,27717.115,28259.533,24851.267,27710.309,28410.719,24873.209,27617.191,28488.836,24883.92
2023-04-22,23598.36,23598.36,23598.36,23589.96,23589.96,23589.96,23609.709,23609.709,23609.709
2023-04-23,21595.535,21595.535,21595.535,21606.277,21606.277,21606.277,21583.821,21583.821,21583.821
2023-04-24,27783.531,28711.562,23744.719,27620.539,28519.904,23667.009,27713.955,28755.89,23751.506
2023-04-25,28382.266,29329.384,25138.843,28343.212,29483.049,25064.508,28321.239,29436.269,25186.886
2023-04-26,28708.029,29455.218,25397.672,28464.26,29465.2,25356.865,28658.975,29556.661,25469.739
2023-04-27,29073.559,30239.229,25723.451,28918.934,29977.523,25648.872,29061.49,30363.86,25807.79
2023-04-28,28606.495,28919.862,25605.671,28529.971,29197.254,25584.442,28683.425,29071.053,25610.127
2023-04-29,23991.367,23991.367,23991.367,24011.857,24011.857,24011.857,23970.7,23970.7,23970.7
2023-04-30,21775.843,21775.843,21775.843,21848.371,21848.371,21848.371,21741.262,21741.262,21741.262
2023-05-01,22282.926,23267.823,19829.179,22247.514,22867.402,19809.17,22183.314,23336.601,19798.32
2023-05-02,27570.17,28712.803,23416.456,27383.125,28807.673,23405.199,27426.505,28821.225,23365.692
2023-05-03,28534.642,29297.457,25120.881,28390.8,29211.16,25115.099,28509.289,29351.694,25208.382
2023-05-04,28373.631,29292.203,25403.612,28244.926,29536.716,25301.923,28372.855,29385.244,25357.372
2023-05-05,28460.943,28711.139,25408.575,28362.685,28736.524,25336.333,28405.072,28753.02,25501.416
2023-05-06,23773.142,23773.142,23773.142,23787.769,23787.769,23787.769,23780.619,23780.619,23780.619
2023-05-07,22209.038,22209.038,22209.038,22096.513,22096.513,22096.513,22158.762,22158.762,22158.762
2023-05-08,28359.423,29519.326,24353.845,28339.614,29260.568,24328.356,28279.817,29568.49,24340.089
2023-05-09,29049.723,29837.374,25681.982,28938.298,29948.837,25598.797,29053.032,29922.622,25596.898
2023-05-10,28628.4,29669.433,25411.967,28501.94,29271.885,25366.298,28613.001,29742.1,25394.117
2023-05-11,28361.158,29377.222,25052.071,28206.582,29200.065,25108.321,28266.515,29310.899,25042.044
2023-05-12,27653.785,28059.882,24973.045,27752.961,28404.307,24926.372,27565.71,27938.177,24953.496
2023-05-13,23281.613,23281.613,23281.613,23305.9,23305.9,23305.9,23221.307,23221.307,23221.307
2023-05-14,21522.37,21522.37,21522.37,21520.291,21520.291,21520.291,21545.001,21545.001,21545.001
2023-05-15,27255.47,28013.868,23576.186,27225.232,28173.705,23426.776,27240.61,28180.452,23527.882
2023-05-16,28169.89,28883.83,24772.968,27970.79,28565.664,24763.842,28122.934,28977.129,24779.251
2023-05-17,27655.342,28583.511,24662.577,27630.608,28439.988,24678.41,27638.502,28669.153,24763.632
2023-05-18,27879.025,28554.452,24859.984,27695.24,28821.897,24834.815,27720.045,28739.213,24840.536
2023-05-19,27703.003,27723.841,24814.749,27649.184,27788.622,24710.068,27615.916,27830.183,24933.454
2023-05-20,23351.224,23351.224,23351.224,23321.906,23321.906,23321.906,23352.058,23352.058,23352.058
2023-05-21,21634.751,21634.751,21634.751,21611.663,21611.663,21611.663,21658.728,21658.728,21658.728
2023-05-22,28350.334,28987.029,24002.203,28201.009,28772.326,23989.572,28337.527,28907.936,24069.423
2023-05-23,28526.822,28861.385,25040.758,28350.786,29088.726,25019.308,28539.461,29050.637,25056.636
2023-05-24,28336.315,28729.106,24857.955,28135.505,28841.616,24872.667,28235.334,28844.91,24971.141
2023-05-25,28263.426,28674.272,24960.681,28178.311,29035.698,24883.753,28259.841,28897.543,24910.712
2023-05-26,27794.205,27299.828,24465.869,27718.418,27529.313,24529.161,27841.362,27423.751,24557.507
2023-05-27,22839.578,22839.578,22839.578,22951.002,22951.002,22951.002,22913.758,22913.758,22913.758
2023-05-28,21064.442,21064.442,21064.442,21120.954,21120.954,21120.954,21082.205,21082.205,21082.205
2023-05-29,27537.419,28288.148,23234.529,27484.198,27993.113,23221.541,27500.195,28303.154,23204.181
2023-05-30,28100.127,28596.258,24536.735,27991.012,28664.483,24427.012,28026.249,28648.444,24538.868
2023-05-31,28320.731,28690.236,24780.755,28140.433,28647.515,24775.318,28000.452,28663.892,24809.622
2023-06-01,29159.244,29562.421,25304.842,28829.928,29234.375,25093.558,29098.912,29622.012,25269.324
2023-06-02,28770.207,28857.216,25523.404,28595.374,28658.189,25361.362,28642.058,28881.801,25513.772
2023-06-03,23720.74,23720.74,23720.74,23673.622,23673.622,23673.622,23677.438,23677.438,23677.438
2023-06-04,21964.899,21964.899,21964.899,21871.637,21871.637,21871.637,21846.841,21846.841,21846.841
2023-06-05,28556.848,29779.047,24339.654,28427.806,29460.856,24177.132,28445.711,29820.923,24254.456
2023-06-06,29342.37,30368.109,25721.77,29331.021,30267.095,25748.767,29376.394,30404.202,25737.615
2023-06-07,30402.029,30320.729,26616.87,30082.214,30403.942,26518.182,30323.743,30412.298,26556.482
2023-06-08,30162.289,30445.554,26268.857,29888.937,30276.721,26146.636,30172.061,30465.917,26293.844
2023-06-09,29487.485,29296.913,25976.086,29378.447,29329.933,26060.908,29482.915,29215.024,26051.772
2023-06-10,24392.058,24392.058,24392.058,24469.118,24469.118,24469.118,24397.787,24397.787,24397.787
2023-06-11,22810.925,22810.925,22810.925,22824.652,22824.652,22824.652,22823.012,22823.012,22823.012
2023-06-12,29852.694,30311.86,25258.419,29784.563,30629.257,25239.494,29797.773,30459.882,25248.397
2023-06-13,30038.116,30022.181,26476.005,29923.344,30245.869,26465.606,30029.577,30139.948,26401.151
2023-06-14,30430.623,31011.45,26372.931,30229.956,30748.762,26323.402,30395.931,31000.243,26382.201
2023-06-15,30767.973,31757.43,26916.547,30761.539,31623.695,26877.03,30795.471,31898.563,26944.752
2023-06-16,31079.543,31768.122,27360.061,31076.481,31786.106,27284.506,31040.251,31938.074,27341.878
2023-06-17,26323.486,26323.486,26323.486,26234.172,26234.172,26234.172,26275.234,26275.234,26275.234
2023-06-18,24035.239,24035.239,24035.239,24055.765,24055.765,24055.765,24059.211,24059.211,24059.211
2023-06-19,31306.457,31649.04,26404.573,31087.25,31525.957,26342.881,31201.967,31633.684,26402.008
2023-06-20,31633.572,32185.945,27723.095,31490.815,32119.371,27605.781,31545.325,32232.041,27769.27
2023-06-21,32034.822,32174.951,28189.429,31939.691,32439.529,28111.528,31857.804,32259.745,28177.793
2023-06-22,31805.279,32483.857,27720.996,31583.671,32384.579,27688.323,31595.81,32537.441,27709.769
2023-06-23,31466.76,31694.918,27890.996,31530.779,31691.306,27923.618,31358.312,31752.416,27965.043
2023-06-24,26136.112,26136.112,26136.112,26083.298,26083.298,26083.298,26104.345,26104.345,26104.345
2023-06-25,25579.323,25579.323,25579.323,25304.913,25304.913,25304.913,25502.175,25502.175,25502.175
2023-06-26,34549.646,35942.913,28959.474,34076.928,35678.028,28799.251,34336.955,35790.657,28950.964
2023-06-27,34807.928,36051.505,30393.251,34547.696,35713.857,30264.672,34749.794,36085.09,30490.023
2023-06-28,34747.924,35633.371,30784.996,34576.542,35826.109,30646.397,34656.356,35774.351,30861.163
2023-06-29,34537.087,35375.973,30495.345,34289.328,35378.405,30410.392,34405.031,35522.633,30489.83
2023-06-30,32324.63,32569.621,29177.479,32395.322,32402.359,29226.903,32340.063,32618.275,29183.308
2023-07-01,26957.065,26957.065,26957.065,26862.499,26862.499,26862.499,26976.06,26976.06,26976.06
2023-07-02,25591.374,25591.374,25591.374,25434.018,25434.018,25434.018,25596.339,25596.339,25596.339
2023-07-03,33472.102,34203.863,28809.493,33338.704,34539.077,28717.657,33408.345,34198.814,28804.669
2023-07-04,33594.05,34088.987,29632.641,33498.855,34081.42,29619.134,33568.7,34113.439,29637.055
2023-07-05,33748.575,34007.622,29957.115,33565.545,34178.246,29839.54,33751.565,34186.749,29920.156
2023-07-06,33832.914,34293.021,30147.333,33720.656,34385.841,29956.341,33829.168,34173.599,30042.903
2023-07-07,33220.311,33479.232,29933.936,33261.17,33375.151,29794.737,33319.897,33381.331,29899.601
2023-07-08,27697.368,27697.368,27697.368,27684.993,27684.993,27684.993,27767.653,27767.653,27767.653
2023-07-09,26140.2,26140.2,26140.2,26009.946,26009.946,26009.946,26148.422,26148.422,26148.422
2023-07-10,35535.24,36940.497,29869.335,35170.63,36610.787,29794.768,35455.715,36923.815,29877.327
2023-07-11,36895.313,38090.464,32121.882,36782.82,38132.647,32054.139,36878.634,38363.207,32144.606
2023-07-12,36297.017,37060.52,32289.865,36071.314,37000.748,32217.168,36287.267,37141.398,32320.62
2023-07-13,35662.501,36355.103,31668.112,35482.16,36337.905,31661.974,35647.201,36432.401,31614.686
2023-07-14,35673.259,36356.996,31744.071,35546.048,36068.502,31654.214,35658.583,36178.294,31677.818
2023-07-15,29199.701,29199.701,29199.701,29145.322,29145.322,29145.322,29165.047,29165.047,29165.047
2023-07-16,26631.936,26631.936,26631.936,26518.9,26518.9,26518.9,26575.426,26575.426,26575.426
2023-07-17,35663.361,37097.081,29998.491,35303.414,36887.456,29975.339,35562.285,37057.892,29984.222
2023-07-18,37315.777,38291.919,32491.579,37059.054,38370.841,32413.426,37205.72,38288.504,32520.024
2023-07-19,37644.442,38401.863,32966.993,37380.46,38425.131,32969.847,37648.198,38499.286,33017.563
2023-07-20,36291.284,36834.518,32650.99,36307.436,36905.208,32648.986,36386.136,36890.014,32741.013
2023-07-21,34210.773,34393.942,31210.034,34364.17,34491.826,31193.041,34333.026,34569.518,31202.639
2023-07-22,28389.446,28389.446,28389.446,28314.943,28314.943,28314.943,28339.039,28339.039,28339.039
2023-07-23,26813.591,26813.591,26813.591,26781.776,26781.776,26781.776,26797.355,26797.355,26797.355
2023-07-24,33803.242,34298.085,29282.485,33851.017,34641.71,29373.758,33847.717,34446.595,29392.753
2023-07-25,31632.065,32315.21,28616.285,31830.841,32461.538,28619.689,31542.046,32284.658,28581.76
2023-07-26,32647.575,33566.278,28884.048,32675.7,33361.492,28791.567,32541.703,33494.212,28928.711
2023-07-27,33233.339,33781.403,29522.488,33232.225,34071.527,29479.475,33264.35,33785.35,29574.805
2023-07-28,32727.656,33471.297,29212.354,32746.952,33176.295,29198.932,32743.535,33476.465,29283.5
2023-07-29,28276.239,28276.239,28276.239,28164.315,28164.315,28164.315,28250.051,28250.051,28250.051
2023-07-30,26762.492,26762.492,26762.492,26687.587,26687.587,26687.587,26787.667,26787.667,26787.667
2023-07-31,32994.044,34050.981,28563.234,33222.79,34214.19,28661.844,32927.134,34077.458,28656.94
2023-08-01,33632.254,34538.946,29397.493,33456.733,34439.93,29364.667,33554.519,34612.331,29365.016
2023-08-02,34200.47,35379.86,30036.012,34216.88,35346.851,30006.993,34145.543,35451.155,29983.124
2023-08-03,32601.264,33034.593,29528.381,32949.103,33181.709,29525.577,32607.552,33152.066,29535.883
2023-08-04,30166.134,30688.057,27534.356,30343.935,30675.015,27553.35,30127.806,30754.282,27507.928
2023-08-05,25579.681,25579.681,25579.681,25664.992,25664.992,25664.992,25567.791,25567.791,25567.791
2023-08-06,24646.146,24646.146,24646.146,24579.774,24579.774,24579.774,24622.705,24622.705,24622.705
2023-08-07,30368.778,31792.1,26364.876,30324.438,32013.827,26430.126,30323.005,31864.574,26341.668
2023-08-08,31710.888,32961.861,27892.255,31681.814,33201.039,27724.573,31751.61,33150.606,27880.185
2023-08-09,32684.472,34059.498,28610.967,32509.133,34181.474,28631.853,32647.01,34192.948,28677.562
2023-08-10,33262.679,34660.977,29217.53,33184.101,34767.163,29228.07,33274.814,34864.561,29320.157
2023-08-11,32756.239,34203.456,29050.591,32589.264,33990.395,29025.124,32782.826,34131.162,29066.945
2023-08-12,28269.49,28269.49,28269.49,28095.584,28095.584,28095.584,28243.527,28243.527,28243.527
2023-08-13,26336.43,26336.43,26336.43,26252.912,26252.912,26252.912,26247.66,26247.66,26247.66
2023-08-14,30108.402,31818.971,26556.045,29985.068,31849.684,26555.009,30102.905,31840.817,26552.982
2023-08-15,27422.293,29333.415,25079.841,26979.192,28874.388,24787.068,27413.669,29397.703,25080.458
2023-08-16,31196.476,32645.462,27172.304,31628.95,32904.384,27350.383,31241.72,32703.563,27264.407
2023-08-17,31388.974,33014.806,27707.385,31357.655,33079.097,27655.902,31347.585,33029.449,27678.155
2023-08-18,31324.029,33027.303,27677.82,31368.337,32987.552,27651.79,31369.82,33175.038,27671.152
2023-08-19,27779.572,27779.572,27779.572,27626.024,27626.024,27626.024,27715.979,27715.979,27715.979
2023-08-20,27073.165,27073.165,27073.165,26892.853,26892.853,26892.853,27050.569,27050.569,27050.569
2023-08-21,34744.106,36820.314,29440.28,34549.523,36789.188,29320.777,34730.293,36853.254,29433.818
2023-08-22,35172.677,37030.578,30831.094,35111.168,37026.502,30874.641,35107.089,37102.046,30951.101
2023-08-23,35839.923,37696.112,31393.036,35815.314,37871.207,31337.769,35793.373,37796.624,31302.404
2023-08-24,35882.961,37659.201,31610.406,35729.48,37696.593,31535.662,35861.128,37691.803,31634.52
2023-08-25,35310.974,36656.418,31388.534,34977.422,36549.24,31207.9,35272.973,36756.423,31397.125
2023-08-26,29433.545,29433.545,29433.545,29506.557,29506.557,29506.557,29555.828,29555.828,29555.828
2023-08-27,24446.493,24446.493,24446.493,24698.709,24698.709,24698.709,24287.268,24287.268,24287.268
2023-08-28,29753.36,31323.555,25666.721,29823.938,31037.884,25621.113,29631.638,31309.369,25436.134
2023-08-29,30320.109,31781.939,26908.608,30298.398,31566.665,26798.297,30227.1,31824.336,26915.365
2023-08-30,30789.189,31753.455,27240.036,30632.11,31621.247,27158.336,30747.423,31773.006,27265.492
2023-08-31,30912.382,32579.701,27281.914,30850.398,32257.369,27173.656,30890.456,32636.695,27313.391
2023-09-01,31206.09,32279.163,27907.583,31147.753,32533.585,27789.735,31205.008,32217.158,27901.257
2023-09-02,25827.21,25827.21,25827.21,25811.161,25811.161,25811.161,25827.101,25827.101,25827.101
2023-09-03,23671.932,23671.932,23671.932,23583.864,23583.864,23583.864,23602.179,23602.179,23602.179
2023-09-04,31114.042,32187.016,26160.409,31065.815,32013.967,26113.669,31176.823,32058.548,26167.431
2023-09-05,31598.578,32680.07,27301.7,31300.68,32631.723,27319.376,31506.629,32573.041,27293.649
2023-09-06,31898.551,33028.302,27915.78,31856.986,33050.296,27811.55,31868.89,33069.825,27951.297
2023-09-07,32066.127,33300.445,28228.016,31975.653,33123.647,28126.176,31976.566,33329.608,28234.244
2023-09-08,30788.416,31944.728,27540.782,30800.539,31831.749,27472.827,30771.361,31877.508,27563.036
2023-09-09,26045.799,26045.799,26045.799,26056.314,26056.314,26056.314,26030.234,26030.234,26030.234
2023-09-10,24225.689,24225.689,24225.689,24236.621,24236.621,24236.621,24242.497,24242.497,24242.497
2023-09-11,30063.203,31530.714,26006.863,30241.749,31432.471,26170.486,29982.73,31492.202,26127.341
2023-09-12,31564.124,32747.415,27508.719,31368.46,32706.544,27323.998,31545.001,32854.445,27502.727
2023-09-13,31286.028,32899.86,27614.632,31305.997,32642.121,27530.65,31232.063,32825.472,27606.257
2023-09-14,31771.458,33282.646,27836.637,31617.634,33213.745,27760.62,31724.953,33343.204,27871.882
2023-09-15,31167.724,31465.163,27954.511,31169.038,31702.256,27859.993,31197.721,31480.442,27942.683
2023-09-16,25400.96,25400.96,25400.96,25418.987,25418.987,25418.987,25427.997,25427.997,25427.997
2023-09-17,23765.939,23765.939,23765.939,23763.95,23763.95,23763.95,23717.071,23717.071,23717.071
2023-09-18,29904.613,31480.906,25561.593,30051.631,31410.298,25496.477,30028.015,31409.655,25553.346
2023-09-19,30304.737,31516.607,26651.828,30239.6,31530.715,26633.899,30194.391,31544.136,26717.113
2023-09-20,29659.091,31828.677,26363.717,29876.667,31632.993,26401.91,29651.17,31992.79,26397.343
2023-09-21,29725.409,31334.692,26294.992,29658.893,31375.047,26229.451,29760.843,31187.589,26310.215
2023-09-22,28616.659,29998.855,25804.129,28800.381,29742.767,25733.196,28585.92,29800.826,25792.719
2023-09-23,23816.873,23816.873,23816.873,23924.967,23924.967,23924.967,23812.682,23812.682,23812.682
2023-09-24,22326.73,22326.73,22326.73,22403.211,22403.211,22403.211,22279.98,22279.98,22279.98
2023-09-25,28717.713,31260.262,24594.24,28742.284,30873.411,24588.718,28704.08,31232.06,24612.082
2023-09-26,29675.571,32294.021,26133.386,29712.925,32228.189,26084.323,29550.854,32364.345,26091.143
2023-09-27,30122.31,32506.768,26573.587,30140.076,32468.54,26474.55,30126.189,32465.408,26548.519
2023-09-28,30327.616,32847.982,26738.713,30267.305,32786.561,26741.668,30247.829,32884.494,26763.046
2023-09-29,30155.689,31946.354,26851.329,30167.084,32131.712,26827.411,30014.687,32055.951,26869.451
2023-09-30,25386.79,25386.79,25386.79,25391.142,25391.142,25391.142,25335.462,25335.462,25335.462
2023-10-01,23612.058,23612.058,23612.058,23680.091,23680.091,23680.091,23593.943,23593.943,23593.943
2023-10-02,30295.824,33046.231,25935.582,30407.748,32900.332,25811.977,30278.637,33153.319,25904.556
2023-10-03,30630.984,33235.699,26978.529,30457.056,33260.026,26901.113,30550.06,33244.206,27058.114
2023-10-04,30803.125,33094.953,27126.056,30604.975,33033.909,27051.167,30739.222,33158.323,27156.97
2023-10-05,30636.674,33223.875,27103.347,30696.107,33080.55,27021.247,30596.863,33211.656,27145.548
2023-10-06,30730.203,32846.659,27410.599,30638.669,32841.233,27280.015,30602.645,32754.456,27365.674
2023-10-07,25662.594,25662.594,25662.594,25645.751,25645.751,25645.751,25615.005,25615.005,25615.005
2023-10-08,23726.333,23726.333,23726.333,23686.343,23686.343,23686.343,23691.14,23691.14,23691.14
2023-10-09,29343.118,31831.281,25557.837,29336.358,32042.824,25542.356,29320.496,31861.461,25631.064
2023-10-10,29971.234,32373.564,26530.339,29883.58,32440.142,26527.758,29894.08,32365.337,26526.175
2023-10-11,29400.51,31741.984,26515.297,29567.156,31648.109,26470.653,29409.007,31750.861,26532.117
2023-10-12,24478.356,26692.413,22800.41,24538.331,26883.482,22879.356,24564.096,26842.02,22827.863
2023-10-13,26949.38,29217.779,23706.826,26920.039,29302.043,23750.761,26859.04,29239.455,23723.106
2023-10-14,23945.474,23945.474,23945.474,23937.322,23937.322,23937.322,23904.491,23904.491,23904.491
2023-10-15,22422.552,22422.552,22422.552,22470.189,22470.189,22470.189,22415.809,22415.809,22415.809
2023-10-16,29537.895,31825.317,24976.865,29267.739,31275.937,24863.691,29533.528,31789.341,24900.253
2023-10-17,30251.877,32535.67,26436.746,29948.105,32390.161,26313.732,30164.829,32568.631,26427.826
2023-10-18,30064.438,32327.415,26724.334,30041.818,32103.724,26669.273,30041.893,32361.233,26673.62
2023-10-19,30884.508,32005.617,27048.391,30149.049,32295.405,26834.586,30813.799,32016.848,27038.884
2023-10-20,29175.962,30782.603,25868.506,28991.606,30463.066,25848.246,29037.623,30868.809,25890.886
2023-10-21,23795.121,23795.121,23795.121,23910.321,23910.321,23910.321,23813.556,23813.556,23813.556
2023-10-22,22774.621,22774.621,22774.621,22667.724,22667.724,22667.724,22804.855,22804.855,22804.855
2023-10-23,29504.819,31806.745,24986.893,29374.526,31588.48,24896.335,29502.208,31883.304,25051.972
2023-10-24,29103.574,32064.542,25559.652,29263.855,31973.094,25471.87,28900.148,32147.751,25436.714
2023-10-25,29856.908,32313.736,26161.197,29505.59,32037.309,26105.007,29774.008,32371.365,26229.965
2023-10-26,30804.477,32661.29,26663.318,30380.675,32675.16,26478.269,30644.325,32731.892,26568.531
2023-10-27,29921.927,31311.434,26419.705,29788.95,31163.108,26246.819,29741.44,31231.934,26399.022
2023-10-28,24856.216,24856.216,24856.216,24732.505,24732.505,24732.505,24737.562,24737.562,24737.562
2023-10-29,23383.423,23383.423,23383.423,23231.833,23231.833,23231.833,23307.301,23307.301,23307.301
2023-10-30,29340.625,32398.254,25135.645,29385.861,32701.474,24987.069,29308.793,32603.614,25100.721
2023-10-31,29801.05,31843.957,26416.283,29577.168,32640.956,26278.266,29701.842,32108.986,26479.331
2023-11-01,25492.401,28530.137,23145.555,25252.145,28447.33,23004.034,25416.004,28579.182,23085.24
2023-11-02,30268.198,33126.191,25758.767,30312.215,33193.527,25722.887,30266.947,33010.955,25818.153
2023-11-03,30031.263,32790.834,26489.879,29884.155,32783.21,26440.46,29999.318,32785.084,26601.418
2023-11-04,25633.885,25633.885,25633.885,25527.145,25527.145,25527.145,25589.179,25589.179,25589.179
2023-11-05,23350.207,23350.207,23350.207,23318.743,23318.743,23318.743,23336.934,23336.934,23336.934
2023-11-06,29769.181,33490.048,25674.087,29882.272,33678.369,25587.1,29625.827,33478.057,25625.601
2023-11-07,30294.978,34209.887,26844.784,30462.995,34047.934,26748.484,30307.349,34130.956,26833.899
2023-11-08,31168.55,34593.446,27424.124,31045.499,34639.521,27219.66,31065.526,34701.633,27390.45
2023-11-09,30778.223,34111.518,27154.72,30631.366,33991.458,26985.774,30591.65,34073.827,27059.653
2023-11-10,30322.124,33176.716,27212.507,30471.373,33464.574,27098.445,30154.084,33191.008,27090.43
2023-11-11,25783.663,25783.663,25783.663,25728.662,25728.662,25728.662,25717.079,25717.079,25717.079
2023-11-12,23513.721,23513.721,23513.721,23508.571,23508.571,23508.571,23425.902,23425.902,23425.902
2023-11-13,29840.104,33311.671,25594.528,29671.446,33191.646,25570.72,29655.622,33316.87,25638.584
2023-11-14,29764.967,33010.22,26514.615,29842.43,33070.222,26517.801,29692.484,33135.576,26530.032
2023-11-15,30377.751,33639.469,26683.062,30061.296,33712.759,26585.738,30229.123,33663.27,26694.516
2023-11-16,30454.912,33173.339,27052.396,30375.578,33159.749,27080.43,30399.009,33131.879,27015.851
2023-11-17,29885.845,32362.364,26612.103,29850.607,32566.998,26540.589,29900.86,32386.571,26665.486
2023-11-18,25148.954,25148.954,25148.954,25209.595,25209.595,25209.595,25076.686,25076.686,25076.686
2023-11-19,23241.723,23241.723,23241.723,23313.896,23313.896,23313.896,23189.082,23189.082,23189.082
2023-11-20,29991.491,33447.575,25578.176,29954.16,33236.995,25578.056,29890.109,33342.159,25561.657
2023-11-21,30517.322,34078.813,26572.316,30443.996,33707.033,26542.867,30499.757,34090.218,26615.095
2023-11-22,30916.412,34534.792,27091.402,30848.568,34369.562,27024.408,30861.705,34428.644,27106.962
2023-11-23,31237.555,35111.246,27437.354,31311.465,34941.175,27332.227,31107.158,35082.379,27455.892
2023-11-24,31310.194,33980.512,27788.606,31036.392,33938.695,27599.622,31129.51,33783.429,27782.213
2023-11-25,26400.317,26400.317,26400.317,26389.502,26389.502,26389.502,26375.064,26375.064,26375.064
2023-11-26,24941.93,24941.93,24941.93,24873.853,24873.853,24873.853,24931.202,24931.202,24931.202
2023-11-27,32735.389,35814.169,27016.649,32062.977,35271.538,27083.826,32685.271,35777.897,27030.105
2023-11-28,32834.599,35646.276,28297.899,32613.889,35592.537,28258.95,32808.089,35723.589,28355.23
2023-11-29,32626.554,35191.549,28312.457,32150.163,35350.774,28081.206,32539.787,35197.951,28335.305
2023-11-30,32257.329,34649.292,28060.462,31936.195,34867.255,28117.776,32146.819,34716.969,28002.534
2023-12-01,32062.449,34002.266,27874.298,31796.673,34009.778,27832.786,31818.639,33990.607,27772.546
2023-12-02,26720.696,26720.696,26720.696,26720.923,26720.923,26720.923,26758.066,26758.066,26758.066
2023-12-03,25822.93,25822.93,25822.93,25661.367,25661.367,25661.367,25773.211,25773.211,25773.211
2023-12-04,33989.349,36396.713,27916.192,33490.572,36531.83,28137.99,33911.886,36394.748,27914.766
2023-12-05,33621.899,36043.382,28947.325,33862.551,36769.265,28886.729,33639.2,36047.685,28919.254
2023-12-06,29672.964,32350.412,26203.772,29358.778,32677.578,26082.387,29609.093,32549.353,26213.52
2023-12-07,31330.393,33450.866,26925.3,31183.76,33442.806,26823.509,31308.549,33476.962,26945.539
2023-12-08,27989.135,30476.705,24563.165,27934.759,30393.045,24611.02,27926.097,30538.157,24539.955
2023-12-09,26106.113,26106.113,26106.113,26108.406,26108.406,26108.406,26125.163,26125.163,26125.163
2023-12-10,24928.387,24928.387,24928.387,24890.313,24890.313,24890.313,24941.712,24941.712,24941.712
2023-12-11,32191.691,35090.594,26756.213,32097.096,34920.443,26608.812,32273.252,35101.121,26716.888
2023-12-12,32497.497,35292.204,28098.681,32243.999,34997.964,28055.324,32413.501,35349.87,28134.089
2023-12-13,32994.028,35812.344,28157.605,32653.101,35391.745,28203.777,32948.884,35755.976,28168.363
2023-12-14,32698.706,36167.744,28488.032,33001.589,35891.127,28349.59,32644.14,36270.831,28452.598
2023-12-15,32754.324,35453.741,28657.472,32654.236,35265.252,28524.945,32581.623,35498.673,28590.641
2023-12-16,27658.474,27658.474,27658.474,27566.643,27566.643,27566.643,27545.692,27545.692,27545.692
2023-12-17,26578.234,26578.234,26578.234,26401.964,26401.964,26401.964,26578.521,26578.521,26578.521
2023-12-18,34432.987,37772.457,28580.743,34522.061,37697.604,28628.989,34472.793,37649.883,28609.291
2023-12-19,34524.98,38055.598,29340.056,34548.811,37841.236,29442.813,34434.959,37925.575,29317.4
2023-12-20,34844.804,37827.276,29626.899,34768.126,37906.836,29674.373,34775.551,37916.369,29560.531
2023-12-21,33644.619,36622.852,28897.402,33646.818,36669.057,28925.619,33557.586,36637.322,28909.841
2023-12-22,31872.565,34042.575,27805.95,32006.656,34186.221,27912.181,31813.76,34053.868,27888.98
2023-12-23,26513.374,26513.374,26513.374,26470.11,26470.11,26470.11,26532.695,26532.695,26532.695
2023-12-24,24802.047,24802.047,24802.047,24846.191,24846.191,24846.191,24772.438,24772.438,24772.438
2023-12-25,24629.608,28175.759,21055.528,24525.245,27824.449,21022.335,24623.1,28072.572,21009.065
2023-12-26,30382.989,33475.913,24294.188,30300.418,33498.898,24375.459,30393.492,33515.359,24276.862
2023-12-27,31830.093,34956.525,26292.27,31921.456,35128.053,26398.286,31895.498,35057.336,26316.615
2023-12-28,32518.374,34893.41,26780.679,32287.409,35093.284,26845.111,32478.583,34993.98,26837.09
2023-12-29,31950.849,33633.467,26588.091,31716.091,33662.621,26673.857,31922.192,33667.107,26653.232
2023-12-30,26128.483,26128.483,26128.483,26082.817,26082.817,26082.817,26090.417,26090.417,26090.417
2023-12-31,25125.813,25125.813,25125.813,25099.391,25099.391,25099.391,25030.631,25030.631,25030.631
2024-01-01,24080.46,28548.418,21264.893,24043.737,28468.747,21499.467,24137.383,28500.754,21264.625
2024-01-02,32381.462,35181.152,25790.546,32287.865,35032.094,25756.871,32263.203,35148.477,25578.82
2024-01-03,32633.209,34618.615,27500.642,32383.46,34847.656,27509.911,32530.103,34682.323,27423.145
2024-01-04,32946.297,34780.691,27804.844,32763.036,34897.75,27736.938,32902.099,34832.135,27814.413
2024-01-05,31253.758,32015.759,26941.192,31304.862,31660.916,26854.939,31201.522,32062.733,26968.011
2024-01-06,25288.067,25288.067,25288.067,25149.167,25149.167,25149.167,25265.341,25265.341,25265.341
2024-01-07,26194.483,26194.483,26194.483,26067.035,26067.035,26067.035,26178.08,26178.08,26178.08
2024-01-08,35630.038,39564.391,29113.22,35792.978,39670.57,28844.41,35664.422,39603.791,29067.487
2024-01-09,36659.863,39830.608,31061.977,36587.361,39737.901,30977.725,36665.128,39939.695,31073.614
2024-01-10,37067.803,39604.692,31250.265,36843.245,39329.181,31242.143,36833.579,39612.465,31347.848
2024-01-11,36345.598,39735.996,30654.389,36473.372,39147.698,30660.46,36344.006,39695.025,30629.161
2024-01-12,36077.414,38312.879,30899.156,36050.859,38659.481,30881.735,35907.893,38274.479,30845.627
2024-01-13,29727.627,29727.627,29727.627,29783.517,29783.517,29783.517,29720.06,29720.06,29720.06
2024-01-14,27256.927,27256.927,27256.927,27203.338,27203.338,27203.338,27206.628,27206.628,27206.628
2024-01-15,35191.832,37312.462,29130.769,34887.804,37385.289,29024.037,35094.31,37327.854,29190.348
2024-01-16,34353.811,37206.838,29594.067,34248.262,36853.422,29495.962,34222.181,36955.429,29579.484
2024-01-17,33759.926,36461.615,29060.209,33532.289,35963.438,29027.187,33465.615,36187.494,29111.895
2024-01-18,32887.219,35801.89,28834.274,33108.588,35807.569,28720.401,32874.539,35924.93,28786.246
2024-01-19,35088.21,36479.382,29654.734,34084.832,36501.657,29726.897,34958.237,36492.126,29698.838
2024-01-20,28303.106,28303.106,28303.106,28372.317,28372.317,28372.317,28264.839,28264.839,28264.839
2024-01-21,26511.208,26511.208,26511.208,26556.898,26556.898,26556.898,26428.921,26428.921,26428.921
2024-01-22,34047.617,37328.786,28417.452,34218.4,36994.783,28491.824,33947.277,37229.61,28465.213
2024-01-23,33591.764,36908.996,29087.416,33814.664,36579.217,29115.153,33516.818,36849.148,29068.869
2024-01-24,32913.591,36149.64,28760.823,33150.156,35854.205,28740.266,32785.616,36039.158,28793.14
2024-01-25,32533.854,35721.449,28540.212,32667.491,35833.427,28499.607,32534.996,35941.916,28490.681
2024-01-26,32100.31,34496.03,28296.674,32261.936,34334.354,28254.335,31966.933,34357.241,28298.839
2024-01-27,26497.991,26497.991,26497.991,26571.972,26571.972,26571.972,26420.769,26420.769,26420.769
2024-01-28,24787.864,24787.864,24787.864,24839.656,24839.656,24839.656,24765.024,24765.024,24765.024
2024-01-29,32475.31,35584.056,27009.143,32493.911,35684.699,26978.51,32457.687,35696.844,27013.05
2024-01-30,33072.245,35753.434,28291.082,32836.22,35733.915,28362.499,33021.187,35778.391,28350.867
2024-01-31,33202.387,35805.778,28541.336,33082.928,35686.386,28564.919,33173.399,35903.412,28572.713
2024-02-01,32192.38,35545.78,28155.271,32554.758,35113.679,28193.547,32047.744,35581.961,28197.525
2024-02-02,31784.381,34263.572,27921.819,31990.855,34252.761,27917.191,31665.061,34137.83,27932.529
2024-02-03,26625.538,26625.538,26625.538,26669.985,26669.985,26669.985,26579.293,26579.293,26579.293
2024-02-04,24920.231,24920.231,24920.231,24892.639,24892.639,24892.639,24854.239,24854.239,24854.239
2024-02-05,32556.109,35880.05,27326.403,32543.251,36082.713,27206.785,32491.766,35889.052,27292.555
2024-02-06,32834.859,35762.953,28301.005,32734.592,35348.021,28379.779,32718.485,35764.861,28271.985
2024-02-07,33074.672,36216.798,28667.596,32926.661,36043.964,28504.616,32976.642,36204.896,28662.788
2024-02-08,33321.335,36323.304,29087.84,33015.023,36455.274,29000.636,33265.609,36637.794,29053.383
2024-02-09,33777.707,35051.617,29138.421,33607.632,35161.486,29112.678,33744.053,35024.804,29252.982
2024-02-10,27258.1,27258.1,27258.1,27143.326,27143.326,27143.326,27203.893,27203.893,27203.893
2024-02-11,26221.347,26221.347,26221.347,26059.864,26059.864,26059.864,26094.127,26094.127,26094.127
2024-02-12,31997.658,34725.229,27130.968,32230.878,34404.007,27260.615,32054.238,34845.296,27147.384
2024-02-13,31300.929,34441.886,27482.871,31452.118,34381.632,27543.914,31321.907,34445.941,27542.943
2024-02-14,31621.872,34380.225,27786.836,31563.97,34606.111,27670.776,31414.153,34520.886,27781.981
2024-02-15,32070.494,35058.892,28202.801,32116.92,34958.599,27977.883,31977.743,34979.352,28133.959
2024-02-16,31446.759,33633.66,27891.002,31515.603,33400.482,27842.885,31220.882,33508.729,27929.067
2024-02-17,25655.702,25655.702,25655.702,25813.452,25813.452,25813.452,25596.131,25596.131,25596.131
2024-02-18,24157.88,24157.88,24157.88,24152.547,24152.547,24152.547,24073.845,24073.845,24073.845
2024-02-19,30548.866,34113.173,26060.917,30643.166,33915.419,26069.337,30441.074,34217.325,25938.177
2024-02-20,30576.647,34125.07,27084.873,30728.01,34114.917,27054.994,30490.862,34169.712,27086.3
2024-02-21,31351.294,35117.081,27715.883,31151.614,34958.611,27523.998,31285.675,35095.566,27705.892
2024-02-22,31441.168,34744.455,28029.994,31382.759,34789.14,28001.053,31238.342,34717.454,28079.848
2024-02-23,31247.951,34375.282,27673.605,31220.336,33981.624,27592.807,31134.893,34365.138,27630.651
2024-02-24,26981.181,26981.181,26981.181,26838.848,26838.848,26838.848,26915.277,26915.277,26915.277
2024-02-25,25809.107,25809.107,25809.107,25699.982,25699.982,25699.982,25807.427,25807.427,25807.427
2024-02-26,32852.265,35983.2,27394.658,32581.335,35852.037,27291.576,32515.925,35899.816,27264.672
2024-02-27,32622.497,36038.717,28443.719,32738.387,35853.908,28324.413,32442.238,35903.88,28295.854
2024-02-28,31771.054,34994.554,28044.594,31876.919,34797.21,28044.477,31554.396,35093.215,27982.805
2024-02-29,31798.102,35646.838,28099.678,31724.85,35406.729,28042.377,31590.072,35505.734,28028.255
2024-03-01,31478.153,34695.563,28012.231,31557.552,34495.544,27941.398,31473.852,34718.766,28019.529
2024-03-02,27464.794,27464.794,27464.794,27384.531,27384.531,27384.531,27433.238,27433.238,27433.238
2024-03-03,25398.194,25398.194,25398.194,25328.629,25328.629,25328.629,25338.181,25338.181,25338.181
2024-03-04,33228.423,36143.012,28013.283,32941.219,36536.227,27850.961,32972.455,35888.671,27969.081
2024-03-05,31653.574,35242.573,27974.836,31795.897,34967.627,28081.348,31668.264,35285.966,28003.714
2024-03-06,31934.967,35383.021,28363.693,31990.353,35613.108,28241.94,31733.788,35448.834,28349.967
2024-03-07,32541.801,36043.4,28730.001,32183.496,35682.856,28383.613,32394.995,36101.568,28709.061
2024-03-08,32679.614,35078.771,28676.955,32245.791,35033.671,28560.469,32513.732,35185.12,28649.655
2024-03-09,28311.333,28311.333,28311.333,28228.155,28228.155,28228.155,28316.944,28316.944,28316.944
2024-03-10,25443.453,25443.453,25443.453,25451.145,25451.145,25451.145,25346.253,25346.253,25346.253
2024-03-11,31517.073,35316.918,27251.885,31986.561,35543.645,27169.217,31334.009,35384.74,27130.756
2024-03-12,31155.526,34799.108,27717.367,31065.826,34780.246,27699.325,31043.927,34893.282,27689.608
2024-03-13,31131.496,34665.953,27862.824,31116.541,34589.793,27817.983,30982.574,34747.936,27839.134
2024-03-14,30979.377,34571.542,28013.067,30996.714,34793.264,27916.386,30874.428,34801.878,27977.07
2024-03-15,30315.839,32783.127,27569.893,30416.725,33047.829,27537.37,30336.16,32947.551,27572.052
2024-03-16,25649.389,25649.389,25649.389,25706.587,25706.587,25706.587,25634.708,25634.708,25634.708
2024-03-17,23723.64,23723.64,23723.64,23774.987,23774.987,23774.987,23686.56,23686.56,23686.56
2024-03-18,28853.486,32172.603,25335.253,28848.209,32251.012,25528.14,28837.826,32201.21,25420.341
2024-03-19,28287.528,31399.212,25556.667,28228.697,31912.976,25738.38,28221.214,31416.83,25550.039
2024-03-20,29420.695,32393.027,26189.559,29362.827,32570.116,26059.089,29413.695,32416.563,26182.913
2024-03-21,29498.736,33105.017,26469.298,29459.131,32623.347,26438.234,29342.127,33177.741,26502.395
2024-03-22,29175.489,31925.177,26682.29,29075.31,32153.345,26709.249,29066.211,32008.549,26670.583
2024-03-23,24283.756,24283.756,24283.756,24439.612,24439.612,24439.612,24245.759,24245.759,24245.759
2024-03-24,22797.165,22797.165,22797.165,22779.21,22779.21,22779.21,22765.198,22765.198,22765.198
2024-03-25,30976.707,32669.76,26025.738,30490.776,32934.786,25860.895,30865.963,32728.291,25994.496
2024-03-26,31010.087,33960.065,26814.546,30787.925,33278.449,26691.702,30840.752,33827.012,26834.318
2024-03-27,30227.652,32529.973,26866.625,30179.368,32773.16,26848.162,30157.646,32572.875,26850.8
2024-03-28,26500.913,28983.879,23863.967,26212.442,28810.857,23813.425,26297.099,28922.724,23727.256
2024-03-29,24874.582,27082.863,22125.681,24560.778,26880.043,22197.815,24877.91,27157.618,22020.951
2024-03-30,24170.467,24170.467,24170.467,24167.312,24167.312,24167.312,23961.456,23961.456,23961.456
2024-03-31,23618.023,23618.023,23618.023,23636.709,23636.709,23636.709,23390.411,23390.411,23390.411
2024-04-01,27015.738,28853.741,22820.355,27362.261,27973.147,22998.025,26987.554,28764.992,22718.354
2024-04-02,31102.513,32464.509,26417.349,30945.198,32850.231,26431.421,30760.32,32798.326,26320.116
2024-04-03,30323.391,31265.626,26804.201,30415.295,30852.123,26938.132,30278.451,31114.002,26818.668
2024-04-04,29414.852,31065.54,26300.395,29703.99,30863.821,26465.531,29607.726,31136.728,26238.528
2024-04-05,29078.455,29718.197,25969.096,29185.055,29811.054,26191.889,29040.713,29807.032,26000.668
2024-04-06,24465.131,24465.131,24465.131,24485.743,24485.743,24485.743,24492.909,24492.909,24492.909
2024-04-07,22988.253,22988.253,22988.253,23011.184,23011.184,23011.184,23036.099,23036.099,23036.099
2024-04-08,28898.584,30495.153,24951.582,29044.355,30843.11,24867.692,28885.88,30598.322,24964.353
2024-04-09,28692.427,30596.673,25204.602,28867.162,29962.222,25356.952,28602.736,30645.276,25219.942
2024-04-10,28676.625,30237.03,25946.255,29057.038,30280.442,25783.513,28655.193,30337.626,25774.071
2024-04-11,28923.489,30651.999,25736.992,28807.801,30645.997,25696.272,28425.701,30998.721,25598.144
2024-04-12,28645.83,29524.42,26146.4,28781.506,29930.243,26013.611,28298.517,29596.58,25985.894
2024-04-13,24085.104,24085.104,24085.104,24138.354,24138.354,24138.354,23954.882,23954.882,23954.882
2024-04-14,22219.189,22219.189,22219.189,22296.855,22296.855,22296.855,22151.063,22151.063,22151.063
2024-04-15,28760.479,30404.102,24845.324,28516.109,30340.506,24887.992,28554.454,30288.026,24822.91
2024-04-16,28907.85,30807.721,25797.676,28756.658,30520.569,25761.675,28851.601,30788.402,25806.313
2024-04-17,28446.846,30233.084,25685.427,28864.946,30321.165,26084.911,28493.347,30461.952,25671.525
2024-04-18,28815.366,30533.31,25733.588,28593.936,30544.553,25787.455,28615.974,30606.412,25706.052
2024-04-19,29124.574,29656.898,26140.39,28868.026,29618.844,26088.561,29090.221,29827.243,26170.376
2024-04-20,24344.345,24344.345,24344.345,24307.058,24307.058,24307.058,24291.537,24291.537,24291.537
2024-04-21,22339.507,22339.507,22339.507,22459.064,22459.064,22459.064,22243.156,22243.156,22243.156
2024-04-22,28643.946,30459.659,24736.206,28604.284,30219.934,24720.546,28590.696,30287.73,24694.441
2024-04-23,29235.658,30869.915,26014.83,29150.994,31116.167,25926.284,29139.756,30966.29,26012.996
2024-04-24,29608.256,31020.708,26321.251,29510.334,30923.846,26303.893,29469.5,31051.304,26225.918
2024-04-25,30541.942,31530.043,27040.537,30267.694,32246.679,26886.143,30305.539,31870.762,26901.994
2024-04-26,29721.056,30503.632,26655.19,29611.111,30391.578,26590.238,29528.375,30659.419,26601.051
2024-04-27,25294.924,25294.924,25294.924,25239.024,25239.024,25239.024,25194.69,25194.69,25194.69
2024-04-28,23452.187,23452.187,23452.187,23354.577,23354.577,23354.577,23371.932,23371.932,23371.932
2024-04-29,30552.822,30939.063,25873.406,30298.927,31506.033,25767.744,30546.134,31508.677,25910.329
2024-04-30,29574.541,29980.845,26025.758,29663.721,30197.039,26004.154,29582.909,30119.489,26091.184
2024-05-01,24598.17,25383.86,22231.168,24191.023,25102.026,22257.401,24424.243,25379.102,21914.284
2024-05-02,28345.089,29623.094,24331.798,28517.338,29448.698,24398.295,28311.192,29328.824,24335.576
2024-05-03,28721.296,29333.66,25479.823,28548.702,29359.426,25558.452,28638.382,29380.563,25501.653
2024-05-04,24423.899,24423.899,24423.899,24399.654,24399.654,24399.654,24317.464,24317.464,24317.464
2024-05-05,23015.302,23015.302,23015.302,23005.134,23005.134,23005.134,22978.426,22978.426,22978.426
2024-05-06,29187.586,29869.182,25026.272,29201.863,29845.214,25010.825,29168.314,29832.687,24986.63
2024-05-07,28671.549,30061.706,25510.944,28704.154,29874.205,25502.996,28680.468,29996.83,25506.37
2024-05-08,29053.156,30179.463,26039.875,29059.434,30342.631,25923.775,28921.641,30235.398,26015.261
2024-05-09,28990.389,30145.815,26116.269,29046.268,30157.454,26037.573,28866.983,30202.866,26078.953
2024-05-10,28474.884,29200.485,25736.774,28553.639,29350.667,25761.983,28360.452,29406.331,25708.29
2024-05-11,24068.297,24068.297,24068.297,24109.016,24109.016,24109.016,24000.499,24000.499,24000.499
2024-05-12,22368.433,22368.433,22368.433,22418.563,22418.563,22418.563,22406.298,22406.298,22406.298
2024-05-13,29036.001,30750.875,24887.221,28884.011,30569.043,24786.08,28950.448,30848.814,24779.713
2024-05-14,29514.385,30242.229,26100.91,29280.754,30407.612,26121.631,29450.446,30325.589,26053.065
2024-05-15,29021.519,29641.879,25814.858,28756.528,29740.437,25699.027,28911.582,29716.535,25802.997
2024-05-16,29289.697,30065.576,26001.079,28921.348,29999.995,25893.881,29133.836,30093.542,25999.971
2024-05-17,28825.202,28878.343,25929.475,28634.157,28976.77,25795.25,28762.001,28877.374,25951.42
2024-05-18,24284.384,24284.384,24284.384,24239.368,24239.368,24239.368,24268.745,24268.745,24268.745
2024-05-19,22593.891,22593.891,22593.891,22565.59,22565.59,22565.59,22536.272,22536.272,22536.272
2024-05-20,28515.956,29472.534,24622.99,28466.774,29280.985,24507.312,28383.558,29485.15,24592.219
2024-05-21,28896.738,29836.171,25649.749,28774.153,30082.038,25678.791,28709.818,30008.622,25665.028
2024-05-22,28981.651,29999.606,25959.891,29105.103,29908.353,25864.955,28876.639,30007.057,25875.846
2024-05-23,29033.895,30234.902,25827.845,28896.421,29947.953,25807.185,28920.127,30100.891,25731.223
2024-05-24,28935.512,29229.145,25855.725,28797.822,29169.319,25872.922,28808.971,29261.753,25820.886
2024-05-25,24334.366,24334.366,24334.366,24338.295,24338.295,24338.295,24283.712,24283.712,24283.712
2024-05-26,22440.555,22440.555,22440.555,22470.558,22470.558,22470.558,22377.853,22377.853,22377.853
2024-05-27,29531.584,30627.343,25263.27,29352.187,30544.053,25289.195,29439.333,30562.47,25249.531
2024-05-28,29775.587,31325.808,26441.511,29537.814,31111.485,26308.722,29633.81,31417.64,26435.918
2024-05-29,30368.082,31955.637,27047.655,30152.45,32045.975,26926.847,30156.205,31973.487,26919.273
2024-05-30,30327.202,31719.819,26939.381,30037.688,31559.777,26963.028,30287.141,31749.707,27058.904
2024-05-31,29783.205,30729.954,27084.381,29907.129,30610.557,26933.342,29720.174,30724.911,27049.629
2024-06-01,25040.529,25040.529,25040.529,24994.037,24994.037,24994.037,24973.227,24973.227,24973.227
2024-06-02,23167.779,23167.779,23167.779,23106.608,23106.608,23106.608,23152.403,23152.403,23152.403
2024-06-03,29805.131,30890.089,25845.335,29694.142,31304.883,25789.199,29781.752,31157.094,25832.761
2024-06-04,29857.256,31285.079,26738.326,29801.442,31409.685,26670.802,29863.841,31460.607,26708.088
2024-06-05,30832.738,32293.327,27187.616,30583.829,32330.428,27176.149,30705.533,32438.683,27145.748
2024-06-06,31444.816,32908.958,27761.562,31291.297,32961.799,27731.946,31443.61,32939.199,27738.122
2024-06-07,31375.034,31901.741,27990.789,31270.81,32144.524,27987.938,31396.63,32114.655,27995.038
2024-06-08,26003.547,26003.547,26003.547,25999.069,25999.069,25999.069,25936.712,25936.712,25936.712
2024-06-09,23322.471,23322.471,23322.471,23307.804,23307.804,23307.804,23261.996,23261.996,23261.996
2024-06-10,30030.445,30398.709,25820.171,29928.066,30539.391,25750.139,29964.132,30492.072,25765.827
2024-06-11,30048.696,30259.1,26453.392,29803.82,30462.921,26445.011,29954.125,30313.839,26425.093
2024-06-12,29586.777,30181.827,26325.185,29626.99,30049.684,26287.398,29541.742,30054.471,26345.459
2024-06-13,28738.518,30390.322,25599.655,28913.804,29936.213,25710.725,28719.258,30259.083,25746.069
2024-06-14,29882.02,30798.509,26526.529,29684.534,30652.928,26427.249,29806.401,30760.014,26506.012
2024-06-15,24896.835,24896.835,24896.835,24889.888,24889.888,24889.888,24846.574,24846.574,24846.574
2024-06-16,22881.788,22881.788,22881.788,22993.909,22993.909,22993.909,22829.937,22829.937,22829.937
2024-06-17,30725.477,32074.769,26091.496,30375.024,32018.942,25963.156,30610.31,32072.586,25963.027
2024-06-18,31049.725,31825.977,27564.802,30972.138,32170.822,27444.007,31085.337,32073.05,27550.722
2024-06-19,30541.974,31188.78,27320.37,30507.155,31460.677,27268.645,30480.908,31220.644,27299.876
2024-06-20,30336.536,30469.213,26921.856,30071.981,30668.729,26934.501,30192.867,30456.583,26895.17
2024-06-21,29438.858,30266.789,26393.288,29473.323,30003.846,26343.264,29397.768,30237.861,26304.323
2024-06-22,25337.198,25337.198,25337.198,25206.501,25206.501,25206.501,25174.165,25174.165,25174.165
2024-06-23,23480.636,23480.636,23480.636,23444.722,23444.722,23444.722,23309.022,23309.022,23309.022
2024-06-24,29134.437,30509.174,25121.453,28918.916,30361.581,25125.666,28838.137,30564.874,25045.984
2024-06-25,32198.019,33323.723,27907.282,31901.311,33497.51,27627.858,32060.645,33435.813,27822.57
2024-06-26,32087.476,32756.423,28648.848,32100.8,32938.187,28572.967,32102.053,32723.112,28698.768
2024-06-27,32292.326,33060.214,28418.973,32061.368,32985.885,28455.323,32234.224,33066.658,28388.717
2024-06-28,31820.526,31817.993,28522.295,31767.2,32004.636,28547.186,31750.713,31816.955,28508.059
2024-06-29,26460.39,26460.39,26460.39,26347.123,26347.123,26347.123,26435.886,26435.886,26435.886
2024-06-30,24421.844,24421.844,24421.844,24288.88,24288.88,24288.88,24324.304,24324.304,24324.304
2024-07-01,30712.35,31458.291,26369.784,30865.896,31431.947,26500.947,30637.596,31398.979,26341.279
2024-07-02,31013.989,32365.544,27570.148,31030.962,32065.357,27533.071,31013.595,32388.452,27455.042
2024-07-03,32009.999,33242.808,28324.07,31701.422,32938.689,28143.703,31936.47,33227.538,28261.771
2024-07-04,33083.793,34887.232,29150.329,32815.366,34482.825,29022.479,33011.268,34909.734,29134.921
2024-07-05,33072.167,34181.996,29732.095,33142.204,33992.449,29635.247,33066.291,34209.683,29725.847
2024-07-06,27464.82,27464.82,27464.82,27406.904,27406.904,27406.904,27356.47,27356.47,27356.47
2024-07-07,24761.811,24761.811,24761.811,24802.036,24802.036,24802.036,24721.806,24721.806,24721.806
2024-07-08,31755.106,33098.73,27240.472,31650.5,33178.899,27187.306,31685.362,33180.765,27158.801
2024-07-09,32609.009,34279.106,28828.615,32533.565,34210.777,28745.311,32744.037,34357.358,28780.746
2024-07-10,33948.848,36075.403,29670.332,33574.732,35044.42,29470.95,33973.184,36016.64,29666.794
2024-07-11,35065.925,36640.398,30708.078,34789.43,36772.494,30650.448,35023.106,36746.93,30788.257
2024-07-12,34415.689,35079.846,30751.383,34270.147,35160.779,30681.338,34439.12,35163.198,30750.787
2024-07-13,28091.629,28091.629,28091.629,28038.349,28038.349,28038.349,28096.559,28096.559,28096.559
2024-07-14,25824.187,25824.187,25824.187,25772.162,25772.162,25772.162,25823.595,25823.595,25823.595
2024-07-15,33803.955,35278.378,28804.945,33474.755,35495.026,28679.81,33729.453,35622.26,28743.905
2024-07-16,34017.686,35114.542,30050.782,33901.998,35205.557,30045.272,33933.564,35101.821,30067.344
2024-07-17,34382.521,35793.144,30383.841,34106.938,35802.09,30280.544,34338.467,35825.16,30373.976
2024-07-18,35327.776,36619.823,31176.614,35047.957,36703.08,30982.813,35300.231,36790.37,31115.292
2024-07-19,35477.652,36893.359,31436.581,34822.17,36526.396,31382.857,35446.994,36702.638,31522.701
2024-07-20,29800.48,29800.48,29800.48,29655.535,29655.535,29655.535,29723.736,29723.736,29723.736
2024-07-21,26682.493,26682.493,26682.493,26721.876,26721.876,26721.876,26663.665,26663.665,26663.665
2024-07-22,33548.914,35188.652,28761.722,33484.928,35294.247,28883.041,33476.703,35224.454,28794.338
2024-07-23,35090.941,36886.15,30556.666,34859.876,36845.716,30486.377,34978.81,36909.516,30592.05
2024-07-24,35978.064,37456.205,31630.012,35851.755,37463.585,31589.349,35972.1,37404.565,31658.256
2024-07-25,34071.594,35846.961,30745.922,34263.544,35975.131,30692.845,34084.489,35913.454,30774.276
2024-07-26,34310.463,35513.162,30736.688,34391.544,35544.173,30667.86,34365.297,35562.897,30762.98
2024-07-27,29535.518,29535.518,29535.518,29368.411,29368.411,29368.411,29490.482,29490.482,29490.482
2024-07-28,27944.521,27944.521,27944.521,27803.339,27803.339,27803.339,27899.264,27899.264,27899.264
2024-07-29,36105.797,37566.578,30854.659,36201.985,37957.471,30758.632,36239.505,37863.365,30887.502
2024-07-30,36677.166,38073.193,32068.633,36594.293,38296.617,32088.818,36689.815,38294.192,32024.039
2024-07-31,36141.983,38022.511,31814.037,36044.558,37863.774,31924.943,36128.042,37950.471,31950.297
2024-08-01,36344.185,38160.542,32146.007,36278.671,38267.016,32100.912,36381.152,38201.62,32166.988
2024-08-02,34929.616,35852.046,31612.397,35100.23,36164.142,31557.648,34990.525,35841.455,31550.96
2024-08-03,29161.372,29161.372,29161.372,29002.999,29002.999,29002.999,29151.09,29151.09,29151.09
2024-08-04,27713.517,27713.517,27713.517,27532.892,27532.892,27532.892,27694.884,27694.884,27694.884
2024-08-05,33930.816,35644.19,29468.928,34076.556,35952.493,29525.38,33980.378,35933.912,29510.958
2024-08-06,34160.821,35975.33,30071.148,34038.801,35897.903,30056.873,34113.442,35995.753,30095.675
2024-08-07,34105.864,35899.129,30328.62,34077.741,35967.617,30292.36,34101.862,35902.518,30300.697
2024-08-08,34289.182,36261.122,30245.978,34102.797,36104.269,30223.125,34201.822,36214.616,30298.416
2024-08-09,34062.499,36061.395,30385.489,34096.211,35763.479,30242.761,34062.125,35893.932,30394.696
2024-08-10,29763.648,29763.648,29763.648,29626.747,29626.747,29626.747,29795.115,29795.115,29795.115
2024-08-11,27979.679,27979.679,27979.679,27909.612,27909.612,27909.612,27996.26,27996.26,27996.26
2024-08-12,33548.1,35383.312,29315.336,33622.478,35915.619,29419.3,33586.269,35593.535,29355.931
2024-08-13,32680.963,33520.535,29472.694,32834.033,34327.718,29520.919,32695.887,33589.748,29522.511
2024-08-14,30869.239,31315.151,28088.393,31176.325,31883.632,28152.381,30850.392,31238.54,28141.755
2024-08-15,26514.863,28503.68,24776.384,26488.644,28122.143,24662.804,26491.077,28065.562,24727.836
2024-08-16,28871.081,31084.336,25645.435,28944.003,30899.076,25709.641,28775.593,31110.941,25687.064
2024-08-17,27069.871,27069.871,27069.871,26969.327,26969.327,26969.327,27024.216,27024.216,27024.216
2024-08-18,26193.673,26193.673,26193.673,26106.66,26106.66,26106.66,26129.285,26129.285,26129.285
2024-08-19,31703.737,33799.667,27654.619,31873.595,33702.438,27578.291,31709.43,33706.343,27648.985
2024-08-20,32403.079,34614.465,28876.343,32307.263,34410.85,28671.255,32422.729,34612.528,28755.745
2024-08-21,32778.389,34521.54,29334.724,32663.652,34556.66,29169.838,32743.351,34675.29,29314.241
2024-08-22,33001.818,34879.326,29389.348,32956.206,35066.439,29248.309,33016.889,34909.046,29391.362
2024-08-23,32823.168,34639.432,29323.728,32670.557,34449.937,29188.737,32782.143,34634.466,29331.747
2024-08-24,28715.125,28715.125,28715.125,28586.945,28586.945,28586.945,28707.511,28707.511,28707.511
2024-08-25,26787.878,26787.878,26787.878,26734.686,26734.686,26734.686,26724.976,26724.976,26724.976
2024-08-26,33181.107,34813.781,28555.595,33010.165,34833.81,28608.698,33171.521,34823.92,28458.003
2024-08-27,34001.383,35797.914,30003.086,33926.438,35721.839,29860.917,33989.035,35872.831,29958.635
2024-08-28,34471.484,35937.125,30530.009,34348.81,35909.684,30504.16,34485.019,35969.273,30579.804
2024-08-29,34156.224,35162.019,30294.763,34175.433,35190.437,30258.844,34166.633,35206.468,30310.705
2024-08-30,33351.491,34426.19,29808.493,33193.17,34565.411,29739.411,33371.018,34614.129,29880.581
2024-08-31,28220.113,28220.113,28220.113,28211.394,28211.394,28211.394,28266.13,28266.13,28266.13
