Fecha,Demanda_Llano,Demanda_Punta,Demanda_Valle,PVPC_Llano,PVPC_Punta,PVPC_Valle,Pai Gasolina 95 E5,Pvp Gasolina 95 E5,Pai Gasolina 98 E5,Pvp Gasolina 98 E5,Pai Gas贸leo A habitual,Pvp Gas贸leo A habitual,Pai Gas贸leo Premium,Pvp Gas贸leo Premium
2022-10-01,24323.513,24323.513,24323.513,216.937627008375,216.937627008375,216.937627008375,0.943,1.669,1.043,1.837,1.138,1.795,1.212,1.883
2022-10-02,22691.646,22691.646,22691.646,238.56157670883331,238.56157670883331,238.56157670883331,0.943,1.67,1.043,1.836,1.138,1.795,1.212,1.883
2022-10-03,29573.196,31173.437,25146.725,351.28271408414287,432.64976137033335,319.0789464359286,0.944,1.67,1.043,1.836,1.138,1.795,1.213,1.884
2022-10-04,30106.177,31426.656,26395.682,371.3241988121429,494.45237051033337,362.2893199306428,0.945,1.672,1.043,1.836,1.139,1.796,1.213,1.884
2022-10-05,29999.78,31309.654,26446.464,337.91341067542857,453.17333237966665,359.98767664099995,0.952,1.68,1.05,1.844,1.145,1.803,1.219,1.891
2022-10-06,30288.179,31420.275,26799.194,284.97770125842857,410.5836630383333,220.56191748592855,0.961,1.691,1.059,1.855,1.158,1.819,1.233,1.908
2022-10-07,29914.495,30509.848,26526.171,333.93340844342856,436.8949428743333,302.5143140530714,0.972,1.704,1.072,1.871,1.178,1.842,1.255,1.934
2022-10-08,24818.207,24818.207,24818.207,238.95384541670833,238.95384541670833,238.95384541670833,0.976,1.709,1.073,1.873,1.191,1.859,1.268,1.95
2022-10-09,22796.386,22796.386,22796.386,224.12399012216667,224.12399012216667,224.12399012216667,0.983,1.718,1.083,1.884,1.206,1.876,1.286,1.972
2022-10-10,29672.0,30859.899,25083.052,345.9807778812857,437.73846822033335,273.40662099807145,0.993,1.729,1.09,1.893,1.225,1.9,1.303,1.992
2022-10-11,29551.417,30278.147,26001.993,334.81294049214284,407.2515236803333,300.7294920235,1.0,1.737,1.096,1.9,1.24,1.917,1.316,2.008
2022-10-12,24701.734,25882.887,22502.928,244.60595029799998,299.329281324,272.15402631464286,1.001,1.739,1.096,1.9,1.243,1.92,1.318,2.01
2022-10-13,29259.682,30928.447,24962.043,304.6323491184286,382.78321260166666,284.91572207092855,1.002,1.741,1.097,1.902,1.247,1.925,1.321,2.014
2022-10-14,29355.398,30466.377,25873.82,293.0918062177143,388.17387423099996,259.2579651230714,1.004,1.743,1.102,1.907,1.254,1.934,1.331,2.025
2022-10-15,24116.96,24116.96,24116.96,201.833728173375,201.833728173375,201.833728173375,1.009,1.749,1.105,1.912,1.259,1.94,1.334,2.03
2022-10-16,22705.278,22705.278,22705.278,154.80143088883332,154.80143088883332,154.80143088883332,1.008,1.748,1.103,1.909,1.26,1.941,1.336,2.031
2022-10-17,29657.389,31142.304,25093.174,254.492510867,322.1220825803333,192.92144733021428,1.01,1.75,1.105,1.911,1.265,1.947,1.339,2.036
2022-10-18,29996.781,31728.319,26363.386,202.3331416492857,276.058232007,154.0435718177857,1.012,1.752,1.106,1.912,1.267,1.949,1.341,2.037
2022-10-19,30723.347,32070.28,26977.515,162.29751420257142,233.885511233,112.18227272742857,1.013,1.754,1.107,1.914,1.271,1.954,1.345,2.043
2022-10-20,30974.476,32208.382,27044.917,175.787627577,217.84216592833332,117.99035976021428,1.011,1.751,1.105,1.911,1.272,1.955,1.346,2.044
2022-10-21,30093.939,30759.572,26831.78,204.255536132,253.607483271,139.74607084307144,1.012,1.753,1.109,1.916,1.273,1.956,1.349,2.047
2022-10-22,24647.199,24647.199,24647.199,143.77938186420832,143.77938186420832,143.77938186420832,1.012,1.753,1.107,1.913,1.272,1.955,1.346,2.044
2022-10-23,23130.214,23130.214,23130.214,109.70026398175001,109.70026398175001,109.70026398175001,1.012,1.752,1.106,1.913,1.272,1.956,1.346,2.044
2022-10-24,29407.943,31378.083,25086.446,199.86766687414288,274.718782297,145.89207726521428,1.012,1.752,1.106,1.912,1.272,1.955,1.346,2.044
2022-10-25,29918.215,31729.61,26110.56,197.81854760071428,244.50876680033335,140.0428694185,1.011,1.751,1.105,1.911,1.271,1.954,1.345,2.043
2022-10-26,30003.018,31856.59,26401.609,197.743055034,239.5379183963333,146.26175025385714,1.01,1.75,1.104,1.91,1.27,1.954,1.345,2.043
2022-10-27,29742.877,31518.132,26228.293,211.65071143985713,251.519172425,155.7243073745,1.009,1.749,1.104,1.909,1.269,1.953,1.345,2.043
2022-10-28,29153.775,30303.027,25986.148,206.1612539377143,243.52881933433332,153.69576588092858,1.009,1.749,1.107,1.913,1.269,1.952,1.347,2.045
2022-10-29,24154.95,24154.95,24154.95,139.99807516295834,139.99807516295834,139.99807516295834,1.009,1.749,1.104,1.91,1.269,1.952,1.344,2.042
2022-10-30,22401.991,22401.991,22401.991,178.43143845104,178.43143845104,178.43143845104,1.009,1.749,1.104,1.91,1.269,1.952,1.344,2.042
2022-10-31,26715.387,28360.146,22966.449,274.5152977927143,347.4058084303333,217.4679827287857,1.01,1.749,1.104,1.91,1.269,1.953,1.345,2.043
2022-11-01,23664.254,26484.473,21382.811,168.23504420214286,238.052250074,167.97242569935716,1.009,1.749,1.104,1.909,1.269,1.952,1.345,2.043
2022-11-02,28537.438,31372.684,24654.19,231.561937885,305.61525504033335,188.94776364007143,1.01,1.749,1.104,1.91,1.268,1.951,1.343,2.041
2022-11-03,29362.93,31343.258,25816.429,225.93815232857145,255.50383365000002,166.31433475307145,1.015,1.756,1.11,1.918,1.261,1.942,1.335,2.031
2022-11-04,29131.347,30889.171,25785.125,250.09962588728573,336.14910437333333,206.4384929265,1.021,1.763,1.12,1.93,1.258,1.939,1.334,2.03
2022-11-05,24041.578,24041.578,24041.578,188.1144095558333,188.1144095558333,188.1144095558333,1.027,1.77,1.125,1.935,1.261,1.943,1.337,2.033
2022-11-06,22342.728,22342.728,22342.728,161.354905700125,161.354905700125,161.354905700125,1.028,1.771,1.126,1.936,1.261,1.942,1.336,2.033
2022-11-07,28932.937,31865.783,24526.392,204.8450767752857,259.6798417886667,175.43845479350003,1.031,1.775,1.128,1.939,1.262,1.944,1.337,2.034
2022-11-08,29839.483,32093.639,26219.199,213.34726485757142,260.339090779,157.961763688,1.032,1.777,1.13,1.941,1.261,1.943,1.336,2.032
2022-11-09,29617.574,31621.551,25924.962,241.027960405,291.549824077,182.03339847864285,1.032,1.776,1.128,1.939,1.257,1.938,1.332,2.027
2022-11-10,29428.46,31726.226,26117.99,249.10383427857144,326.86944711999996,197.2849800002143,1.03,1.774,1.126,1.937,1.252,1.932,1.327,2.021
2022-11-11,29768.774,31309.889,26346.123,217.05037018442857,263.5357133333333,183.69804164364288,1.026,1.769,1.124,1.934,1.241,1.918,1.317,2.009
2022-11-12,24817.081,24817.081,24817.081,150.86495156666666,150.86495156666666,150.86495156666666,1.025,1.768,1.121,1.93,1.235,1.911,1.307,1.998
2022-11-13,22787.327,22787.327,22787.327,181.65576658054167,181.65576658054167,181.65576658054167,1.024,1.766,1.119,1.928,1.23,1.906,1.302,1.991
2022-11-14,29831.513,32289.341,25162.19,242.05915720814284,280.49157517866666,204.5321130077857,1.022,1.765,1.118,1.926,1.222,1.895,1.294,1.982
2022-11-15,30386.628,32477.911,26469.706,209.3213762532857,272.3326109956667,155.585742968,1.02,1.763,1.117,1.925,1.211,1.883,1.284,1.969
2022-11-16,30653.444,32768.245,26757.361,201.393517495,233.362515737,150.15894313507144,1.016,1.757,1.111,1.918,1.203,1.874,1.276,1.96
2022-11-17,30496.502,32713.882,26801.179,191.40532281714286,247.13468828999999,100.2027208295,1.011,1.752,1.106,1.912,1.196,1.865,1.268,1.951
2022-11-18,30438.267,31713.798,26657.693,202.9722226787143,213.74024717333336,171.8282199379286,1.006,1.745,1.104,1.91,1.188,1.855,1.263,1.945
2022-11-19,25495.939,25495.939,25495.939,92.97063633625,92.97063633625,92.97063633625,1.002,1.741,1.097,1.901,1.181,1.847,1.253,1.933
2022-11-20,23657.06,23657.06,23657.06,134.249878941375,134.249878941375,134.249878941375,1.0,1.739,1.095,1.899,1.179,1.845,1.251,1.93
2022-11-21,31731.25,33991.709,26304.435,173.11017945814288,196.74363554533332,112.26002107135714,0.996,1.734,1.091,1.895,1.172,1.836,1.245,1.924
2022-11-22,32441.223,34830.92,27740.817,155.32146677471428,206.084391959,105.41813826728571,0.991,1.728,1.086,1.889,1.166,1.828,1.239,1.915
2022-11-23,31573.692,33489.077,27626.397,212.7242691607143,274.4257962936667,99.16896038435713,0.986,1.721,1.08,1.881,1.157,1.818,1.23,1.905
2022-11-24,31543.25,33404.698,27391.247,248.02748097285715,333.7922116966667,199.4702137745,0.983,1.718,1.078,1.879,1.153,1.813,1.227,1.901
2022-11-25,30562.809,32290.621,26887.147,270.2472292544286,322.82128802666665,210.1641349079286,0.978,1.712,1.076,1.877,1.143,1.801,1.218,1.891
2022-11-26,25840.923,25840.923,25840.923,203.17178446541666,203.17178446541666,203.17178446541666,0.974,1.707,1.07,1.869,1.137,1.794,1.209,1.88
2022-11-27,24480.537,24480.537,24480.537,193.31157572720835,193.31157572720835,193.31157572720835,0.972,1.704,1.067,1.865,1.135,1.791,1.206,1.877
2022-11-28,31838.743,34590.084,26356.503,209.5658390367143,293.98717394199997,153.75891352992858,0.966,1.697,1.063,1.86,1.127,1.782,1.2,1.869
2022-11-29,32275.939,34797.331,27792.097,247.618348709,342.029298059,193.08624343157143,0.958,1.688,1.054,1.85,1.117,1.77,1.189,1.856
2022-11-30,32740.304,35239.812,28292.207,317.2237812764286,377.6909738703334,267.38350262935717,0.949,1.677,1.044,1.838,1.106,1.757,1.178,1.842
2022-12-01,33019.409,35672.278,28459.381,315.36011757228573,353.84961904700003,284.0029469900714,0.944,1.671,1.04,1.833,1.099,1.748,1.171,1.834
2022-12-02,33269.998,34842.035,28528.311,328.87213241642854,402.27523493200005,289.5578243067143,0.942,1.668,1.04,1.833,1.096,1.744,1.171,1.834
2022-12-03,27731.585,27731.585,27731.585,247.41019007833333,247.41019007833333,247.41019007833333,0.941,1.667,1.037,1.829,1.095,1.743,1.167,1.83
2022-12-04,25882.156,25882.156,25882.156,325.69120820654166,325.69120820654166,325.69120820654166,0.938,1.664,1.033,1.825,1.092,1.739,1.164,1.825
2022-12-05,32592.599,34095.472,27169.853,408.2218582284286,448.069415983,348.2518444422143,0.934,1.659,1.03,1.821,1.087,1.733,1.16,1.821
2022-12-06,29035.01,30846.622,25403.754,359.48948649600004,398.41662342399997,381.4973817915,0.929,1.653,1.025,1.814,1.081,1.727,1.154,1.813
2022-12-07,31773.607,33282.322,26938.98,374.3873513571429,388.59264124,371.04024036414285,0.921,1.644,1.016,1.805,1.073,1.717,1.146,1.803
2022-12-08,28508.954,30208.847,24892.908,230.56982423485715,270.45699861966665,251.8090512285,0.915,1.636,1.011,1.798,1.065,1.707,1.135,1.791
2022-12-09,30654.291,32227.268,25990.826,329.96783693785716,366.70923418533334,298.31657275814285,0.903,1.623,1.004,1.79,1.052,1.691,1.126,1.78
2022-12-10,26201.447,26201.447,26201.447,235.30482480708335,235.30482480708335,235.30482480708335,0.895,1.612,0.993,1.776,1.044,1.682,1.115,1.767
2022-12-11,25655.9,25655.9,25655.9,292.48414169362496,292.48414169362496,292.48414169362496,0.892,1.608,0.989,1.772,1.04,1.677,1.111,1.762
2022-12-12,33767.22,35874.003,27661.406,235.31962280414285,272.54617081966666,199.09774728292857,0.881,1.596,0.981,1.762,1.028,1.664,1.102,1.751
2022-12-13,33399.148,35151.002,28626.402,262.76319401157144,297.4832195883333,148.14165731942856,0.875,1.589,0.976,1.756,1.021,1.655,1.095,1.743
2022-12-14,32420.955,34679.074,28261.374,214.95412723,336.74113450333334,107.14105728985714,0.869,1.581,0.97,1.75,1.018,1.651,1.093,1.74
2022-12-15,32207.273,34200.714,27789.479,290.9042513551429,357.9005064836667,220.19987668864286,0.868,1.579,0.969,1.748,1.018,1.651,1.094,1.741
2022-12-16,32313.356,33720.127,27966.976,273.5938371435714,317.88388781866666,221.1703260645714,0.866,1.577,0.971,1.75,1.018,1.65,1.095,1.743
2022-12-17,26521.744,26521.744,26521.744,250.36456871583334,250.36456871583334,250.36456871583334,0.862,1.573,0.964,1.742,1.016,1.649,1.091,1.738
2022-12-18,25085.456,25085.456,25085.456,170.99524260320834,170.99524260320834,170.99524260320834,0.86,1.57,0.961,1.738,1.014,1.646,1.089,1.735
2022-12-19,32892.691,35496.558,27142.015,192.2692732412857,258.13816367966666,142.83387148292857,0.855,1.564,0.957,1.733,1.011,1.642,1.086,1.732
2022-12-20,32944.234,35105.938,28315.019,188.85463064014286,222.439943795,106.60531865085714,0.848,1.556,0.949,1.724,1.007,1.637,1.081,1.726
2022-12-21,32231.28,34086.319,27703.994,160.56907081857142,209.00498005333336,109.82131782057142,0.845,1.552,0.946,1.72,1.003,1.633,1.078,1.722
2022-12-22,31431.066,33143.196,27071.398,147.59064134371428,185.89740642033334,95.85405589721428,0.843,1.55,0.945,1.719,1.0,1.629,1.074,1.718
2022-12-23,29616.306,30898.095,26084.399,112.433439605,172.060066332,54.81801674385714,0.843,1.55,0.947,1.722,0.999,1.629,1.076,1.72
2022-12-24,23630.682,23630.682,23630.682,79.34958567666666,79.34958567666666,79.34958567666666,0.844,1.552,0.947,1.722,1.001,1.631,1.076,1.72
2022-12-25,20692.75,20692.75,20692.75,58.713332147875,58.713332147875,58.713332147875,0.846,1.554,0.949,1.724,1.002,1.632,1.078,1.723
2022-12-26,24521.525,27070.101,20564.559,209.4733013255714,294.80338918966663,123.51651552935714,0.846,1.553,0.948,1.723,1.003,1.633,1.078,1.723
2022-12-27,27970.899,30420.453,23261.323,217.73951482585716,273.86227425166663,171.8309268287143,0.846,1.554,0.949,1.724,1.003,1.633,1.079,1.724
2022-12-28,28539.259,31101.149,24248.484,132.27413275857143,172.93840466333336,89.90951095985714,0.85,1.559,0.954,1.73,1.008,1.639,1.084,1.73
2022-12-29,29152.826,31346.708,24597.532,111.01861952942856,131.30844352366668,62.222617564357144,0.856,1.565,0.959,1.737,1.013,1.645,1.09,1.737
2022-12-30,28292.375,30052.945,24279.759,93.45262153785714,112.455937802,49.03668032314285,0.861,1.572,0.967,1.745,1.018,1.651,1.097,1.745
2022-12-31,23542.475,23542.475,23542.475,38.022211741666666,38.022211741666666,38.022211741666666,0.866,1.577,0.969,1.748,1.019,1.653,1.095,1.743
2023-01-01,21021.384,21021.384,21021.384,61.311671697083334,61.311671697083334,61.311671697083334,0.872,1.584,0.976,1.757,1.025,1.66,1.103,1.752
2023-01-02,28817.867,30907.556,23357.13,240.60023243028573,275.02614858600003,162.17649917707143,0.877,1.591,0.98,1.762,1.029,1.665,1.107,1.757
2023-01-03,30880.978,33206.952,25665.501,248.80846994871428,279.6559525043333,202.08409192971428,0.884,1.599,0.986,1.769,1.033,1.669,1.11,1.761
2023-01-04,31195.606,33267.255,26417.646,225.771095462,277.83644512566667,173.27063619035715,0.888,1.604,0.99,1.773,1.035,1.672,1.111,1.763
2023-01-05,30272.929,30611.194,26366.085,227.64611536628573,298.947954632,155.36732022964287,0.889,1.606,0.991,1.775,1.034,1.67,1.11,1.761
2023-01-06,25580.443,28124.815,22469.622,148.2294564615714,183.57827829633334,148.16818317385716,0.887,1.603,0.99,1.773,1.031,1.667,1.107,1.758
2023-01-07,26108.776,26108.776,26108.776,61.666942059916664,61.666942059916664,61.666942059916664,0.887,1.603,0.987,1.77,1.03,1.666,1.105,1.755
2023-01-08,25693.533,25693.533,25693.533,44.345269884000004,44.345269884000004,44.345269884000004,0.886,1.602,0.987,1.77,1.03,1.666,1.105,1.755
2023-01-09,32133.472,34947.302,26556.0,219.47469647457143,277.21537733266666,104.94765891492857,0.887,1.603,0.987,1.77,1.029,1.665,1.104,1.755
2023-01-10,33000.437,35707.119,28042.208,203.78937907585714,241.37452934766665,168.189744309,0.887,1.603,0.987,1.77,1.029,1.664,1.104,1.754
2023-01-11,33337.572,35666.365,28549.586,211.02803706914284,252.78572118900001,112.82722646821428,0.886,1.602,0.986,1.768,1.027,1.663,1.103,1.753
2023-01-12,33329.542,36219.74,28528.537,192.75470073914286,250.657516202,135.88793744607142,0.885,1.601,0.986,1.768,1.028,1.663,1.103,1.753
2023-01-13,33305.228,35159.579,28620.09,196.9174094285714,268.54575906433337,122.3126388492857,0.888,1.604,0.991,1.775,1.028,1.664,1.107,1.757
2023-01-14,27721.82,27721.82,27721.82,91.27600014241666,91.27600014241666,91.27600014241666,0.89,1.607,0.992,1.776,1.031,1.667,1.108,1.758
2023-01-15,25785.419,25785.419,25785.419,54.38907743483333,54.38907743483333,54.38907743483333,0.891,1.608,0.993,1.777,1.031,1.667,1.108,1.758
2023-01-16,34869.859,37261.21,28633.594,94.67175940885714,127.171136886,44.04978448635715,0.894,1.611,0.995,1.78,1.032,1.669,1.109,1.76
2023-01-17,34350.547,37438.067,29289.703,84.32881085728572,108.64442653100001,37.586782023285714,0.896,1.614,0.998,1.783,1.035,1.671,1.111,1.763
2023-01-18,35197.127,38332.709,29947.599,95.25671127628571,222.54454337566665,41.03574809321429,0.897,1.615,0.999,1.784,1.035,1.672,1.112,1.764
2023-01-19,35280.751,38535.016,30331.908,111.57993634628572,151.73522077866667,77.90173273678572,0.9,1.619,1.001,1.787,1.036,1.673,1.113,1.764
2023-01-20,33802.295,35825.244,29680.239,200.73648207714285,328.24527229766665,110.40465547857143,0.904,1.623,1.008,1.795,1.038,1.675,1.117,1.77
2023-01-21,28289.801,28289.801,28289.801,97.14815336658334,97.14815336658334,97.14815336658334,0.906,1.626,1.008,1.795,1.038,1.675,1.115,1.767
2023-01-22,26926.205,26926.205,26926.205,72.37108314691666,72.37108314691666,72.37108314691666,0.908,1.628,1.011,1.798,1.041,1.678,1.119,1.771
2023-01-23,35819.91,39760.891,29474.224,162.26060463314283,274.30715411933335,106.03078298707143,0.912,1.633,1.014,1.802,1.043,1.682,1.121,1.775
2023-01-24,37366.185,40685.111,31369.817,179.57674646585716,331.18398232433333,115.29886683971428,0.918,1.64,1.019,1.808,1.048,1.688,1.127,1.781
2023-01-25,36617.717,39981.767,31048.676,175.9535160977143,298.723339469,136.9838778075,0.923,1.646,1.024,1.815,1.053,1.693,1.132,1.787
2023-01-26,36807.266,40163.907,31288.809,152.01217363771428,203.43675864533336,111.73573681964285,0.924,1.647,1.025,1.816,1.054,1.694,1.133,1.788
2023-01-27,35874.904,38786.049,31036.319,129.3666776957143,184.621241811,81.02084961785714,0.924,1.648,1.029,1.82,1.052,1.692,1.132,1.788
2023-01-28,29865.883,29865.883,29865.883,72.349445717,72.349445717,72.349445717,0.924,1.648,1.027,1.818,1.052,1.692,1.13,1.785
2023-01-29,28101.36,28101.36,28101.36,108.23286417025001,108.23286417025001,108.23286417025001,0.924,1.648,1.027,1.818,1.05,1.689,1.127,1.782
2023-01-30,36187.245,39517.003,29864.809,230.13751565314286,321.758796266,185.5531958492143,0.926,1.649,1.027,1.818,1.048,1.688,1.126,1.78
2023-01-31,35941.574,39479.05,30664.054,221.94234067157143,303.8429393476667,175.61840884328572,0.925,1.649,1.027,1.818,1.044,1.683,1.122,1.775
2023-02-01,35643.127,39168.042,30665.108,222.534580245,297.16233472,173.35808822164287,0.922,1.646,1.024,1.815,1.038,1.676,1.115,1.767
2023-02-02,35272.961,38474.598,30474.824,236.03602858128573,283.44373436999996,187.205378549,0.922,1.645,1.024,1.814,1.035,1.671,1.111,1.763
2023-02-03,34501.989,36581.205,30034.561,243.93230839471428,291.79437279300004,184.88441222,0.918,1.64,1.022,1.812,1.026,1.661,1.105,1.755
2023-02-04,28201.536,28201.536,28201.536,168.83048558470833,168.83048558470833,168.83048558470833,0.915,1.637,1.016,1.804,1.02,1.654,1.096,1.744
2023-02-05,26104.383,26104.383,26104.383,121.310410553,121.310410553,121.310410553,0.912,1.633,1.012,1.8,1.016,1.649,1.09,1.737
2023-02-06,35224.18,38676.128,28855.319,247.41777354042856,298.59127706966666,175.50285356650002,0.909,1.629,1.009,1.796,1.007,1.638,1.083,1.728
2023-02-07,36709.799,39310.862,31000.497,232.49290673814286,282.311645286,187.70408781264285,0.902,1.621,1.001,1.787,0.996,1.625,1.071,1.714
2023-02-08,36266.692,39098.656,30869.019,242.96315860214287,281.93157116666663,183.09261556735714,0.9,1.619,0.999,1.784,0.992,1.62,1.067,1.709
2023-02-09,35602.112,38464.124,30603.258,243.265055557,279.49067240666665,198.08242792185712,0.901,1.62,1.0,1.785,0.991,1.619,1.067,1.709
2023-02-10,35474.927,37599.611,30679.031,239.172694349,271.805020593,194.61779582214285,0.899,1.617,1.0,1.785,0.987,1.614,1.065,1.707
2023-02-11,29039.616,29039.616,29039.616,174.50761129220834,174.50761129220834,174.50761129220834,0.898,1.617,0.997,1.782,0.984,1.611,1.059,1.7
2023-02-12,27064.798,27064.798,27064.798,184.4708986859167,184.4708986859167,184.4708986859167,0.9,1.619,1.0,1.785,0.984,1.611,1.059,1.7
2023-02-13,34852.375,37516.155,28962.507,245.58268833757143,298.03369165633336,195.46506830864286,0.901,1.619,1.0,1.785,0.981,1.607,1.058,1.698
2023-02-14,34949.563,37474.408,29888.8,240.70988013528572,283.49884370266665,191.6223681162143,0.903,1.622,1.003,1.789,0.981,1.606,1.057,1.698
2023-02-15,34281.219,36997.578,29551.649,241.67075363785713,284.53555373,193.79792074235712,0.904,1.623,1.004,1.79,0.98,1.605,1.057,1.697
2023-02-16,33642.36,36401.304,29367.12,241.93259555557142,275.7351518666667,199.283662924,0.904,1.623,1.004,1.79,0.979,1.604,1.056,1.696
2023-02-17,33116.378,35045.613,29036.933,238.130937419,274.202911433,178.06627315785713,0.904,1.623,1.007,1.793,0.976,1.601,1.055,1.695
2023-02-18,27369.007,27369.007,27369.007,171.77522606179164,171.77522606179164,171.77522606179164,0.903,1.622,1.004,1.79,0.973,1.597,1.05,1.689
2023-02-19,25170.594,25170.594,25170.594,174.01588002175,174.01588002175,174.01588002175,0.902,1.621,1.002,1.788,0.971,1.595,1.047,1.685
2023-02-20,31881.255,34210.963,26945.199,238.7856474832857,278.26882971966666,183.64100202792858,0.901,1.619,1.001,1.786,0.966,1.589,1.043,1.681
2023-02-21,32158.024,34566.054,27786.714,251.1980626152857,285.6607095593333,205.39603315264284,0.899,1.617,0.998,1.783,0.962,1.584,1.039,1.676
2023-02-22,31976.735,34822.574,27984.59,246.84066530785714,276.42050315,195.77609004592858,0.899,1.617,0.998,1.783,0.96,1.582,1.037,1.673
2023-02-23,33198.062,35553.51,28578.302,244.56191301128572,278.7485635466667,191.64736300614285,0.899,1.617,0.998,1.783,0.958,1.58,1.035,1.671
2023-02-24,32863.035,34685.309,28748.435,255.354873599,288.734609513,197.03681780000002,0.897,1.615,0.998,1.784,0.956,1.577,1.035,1.672
2023-02-25,27841.527,27841.527,27841.527,187.98717585970834,187.98717585970834,187.98717585970834,0.896,1.614,0.995,1.78,0.956,1.576,1.032,1.668
2023-02-26,26114.216,26114.216,26114.216,120.33428626008333,120.33428626008333,120.33428626008333,0.897,1.614,0.996,1.78,0.956,1.576,1.033,1.668
2023-02-27,34920.642,37708.897,28800.089,220.176624769,288.2229283863333,164.42184088507142,0.896,1.614,0.996,1.78,0.954,1.574,1.032,1.667
2023-02-28,34595.329,37233.472,29687.866,233.07027518671427,290.777660226,184.41118372407144,0.897,1.615,0.996,1.781,0.954,1.575,1.032,1.668
2023-03-01,35132.054,38161.053,30351.431,245.91604733328572,286.9790325256667,200.7425830867143,0.896,1.614,0.995,1.78,0.955,1.576,1.034,1.669
2023-03-02,35304.747,38264.678,30442.872,235.43695109100003,295.8432876776667,197.96366867357142,0.899,1.617,0.999,1.784,0.957,1.578,1.035,1.672
2023-03-03,34172.207,36129.805,30146.606,234.77672917414287,285.3501396016666,200.24376187792856,0.9,1.618,1.002,1.788,0.957,1.578,1.038,1.674
2023-03-04,28073.445,28073.445,28073.445,187.51965727645833,187.51965727645833,187.51965727645833,0.902,1.621,1.002,1.788,0.96,1.582,1.039,1.676
2023-03-05,26714.494,26714.494,26714.494,193.81040178650002,193.81040178650002,193.81040178650002,0.904,1.623,1.004,1.791,0.962,1.584,1.042,1.679
2023-03-06,33400.388,36031.035,28191.615,249.87976714342858,284.077893686,204.1671816157143,0.906,1.626,1.006,1.793,0.965,1.587,1.044,1.682
2023-03-07,32706.267,35197.056,28513.499,214.27604072742858,262.11774210366667,175.19665282992858,0.907,1.627,1.007,1.794,0.966,1.588,1.045,1.683
2023-03-08,31975.312,34176.112,28287.784,196.64885247614285,248.64526419233334,143.30205137242856,0.908,1.628,1.008,1.795,0.967,1.589,1.046,1.684
2023-03-09,31979.292,33774.167,27864.272,160.74150266242856,222.86594034433332,120.7246254592857,0.908,1.628,1.007,1.794,0.963,1.585,1.041,1.678
2023-03-10,30009.768,31820.801,27206.935,132.19259288842858,225.48145026833333,71.01925037792857,0.907,1.627,1.01,1.798,0.96,1.581,1.04,1.677
2023-03-11,25288.527,25288.527,25288.527,64.51372423479167,64.51372423479167,64.51372423479167,0.907,1.627,1.007,1.795,0.958,1.579,1.036,1.672
2023-03-12,23232.444,23232.444,23232.444,128.41398807816668,128.41398807816668,128.41398807816668,0.907,1.627,1.007,1.794,0.958,1.579,1.035,1.671
2023-03-13,29432.271,32283.468,25369.643,110.71812585771428,164.04385901933333,87.90664133,0.907,1.627,1.007,1.794,0.956,1.577,1.034,1.67
2023-03-14,29519.508,31729.586,26348.764,166.889213156,291.5393307703333,75.58186297278571,0.906,1.626,1.006,1.793,0.954,1.574,1.033,1.668
2023-03-15,29517.336,31880.502,26448.318,220.65833304757143,292.441341859,184.85467308671429,0.904,1.624,1.004,1.79,0.95,1.57,1.029,1.664
2023-03-16,29597.425,32007.947,26422.114,164.0568038052857,224.63709267766663,141.0487995307143,0.902,1.621,1.001,1.787,0.947,1.566,1.026,1.66
2023-03-17,29541.942,31057.206,26511.793,151.23614488842856,222.92784093499998,115.1734338065,0.896,1.614,0.998,1.783,0.938,1.556,1.019,1.652
2023-03-18,25261.065,25261.065,25261.065,145.34538998479167,145.34538998479167,145.34538998479167,0.895,1.613,0.995,1.78,0.935,1.552,1.013,1.645
2023-03-19,23013.062,23013.062,23013.062,140.87085570316665,140.87085570316665,140.87085570316665,0.895,1.613,0.995,1.78,0.935,1.551,1.012,1.644
2023-03-20,28524.25,31101.594,24784.738,211.951171572,266.94762968599997,176.14149218714286,0.894,1.612,0.994,1.779,0.932,1.548,1.01,1.642
2023-03-21,29281.972,31770.192,26124.204,212.66117672742857,253.03855577033332,171.30338954421427,0.893,1.611,0.994,1.779,0.93,1.545,1.009,1.64
2023-03-22,28926.84,31486.67,26030.387,182.13688719042855,244.36117552566665,153.7692115152857,0.892,1.609,0.992,1.776,0.926,1.541,1.005,1.635
2023-03-23,28931.079,31856.31,25917.304,163.97613451957142,228.97651667766664,134.38023010214286,0.891,1.608,0.991,1.775,0.922,1.536,1.0,1.629
2023-03-24,29244.899,30872.925,26267.544,149.16313145985714,225.88950460166666,93.48314259221429,0.893,1.611,0.996,1.781,0.92,1.534,1.001,1.63
2023-03-25,24665.745,24665.745,24665.745,73.23453602645833,73.23453602645833,73.23453602645833,0.894,1.612,0.995,1.78,0.918,1.531,0.996,1.625
2023-03-26,22734.328,22734.328,22734.328,64.36028935221739,64.36028935221739,64.36028935221739,0.895,1.612,0.996,1.78,0.918,1.531,0.996,1.625
2023-03-27,28811.595,29669.993,25010.353,193.00878542914285,278.659743686,146.53949240142856,0.895,1.612,0.996,1.78,0.916,1.529,0.995,1.623
2023-03-28,29077.506,29889.944,25947.981,198.26496815599998,258.48278977033334,163.7302420442143,0.894,1.612,0.995,1.78,0.913,1.525,0.992,1.619
2023-03-29,28813.124,29721.359,25804.772,141.29722604757143,194.292680859,122.76571608671429,0.896,1.614,0.997,1.782,0.912,1.524,0.991,1.618
2023-03-30,28248.199,29613.18,25549.385,106.424178091,141.18547067766667,76.23725153071429,0.898,1.616,0.998,1.783,0.912,1.524,0.991,1.618
2023-03-31,28204.517,28737.533,25580.456,97.51235911171429,126.47303943000001,53.82481714271428,0.898,1.616,1.001,1.787,0.908,1.519,0.989,1.616
2023-04-01,23901.184,23901.184,23901.184,67.50637073058333,67.50637073058333,67.50637073058333,0.898,1.615,0.998,1.783,0.905,1.516,0.983,1.609
2023-04-02,21928.531,21928.531,21928.531,49.709070883,49.709070883,49.709070883,0.898,1.615,0.998,1.783,0.905,1.516,0.983,1.609
2023-04-03,27585.051,28695.919,23854.306,144.46096611142858,258.52151418600005,102.39662142828571,0.899,1.617,0.999,1.784,0.904,1.514,0.982,1.608
2023-04-04,28050.211,28922.901,24766.889,128.76223939657143,189.2575127,104.73665697242858,0.899,1.617,0.999,1.784,0.903,1.513,0.981,1.606
2023-04-05,27461.092,27726.624,24576.637,195.0557108782857,270.83102582199996,149.35368145985714,0.905,1.624,1.005,1.791,0.904,1.515,0.982,1.608
2023-04-06,24042.27,24542.717,21827.314,163.889133164,244.71888088266667,145.02104619414285,0.904,1.624,1.005,1.791,0.903,1.513,0.98,1.606
2023-04-07,21913.347,22457.44,19883.367,159.1430572682857,249.97447533800002,143.6160705772857,0.905,1.625,1.008,1.795,0.903,1.513,0.983,1.609
2023-04-08,21402.392,21402.392,21402.392,131.76391960558334,131.76391960558334,131.76391960558334,0.905,1.625,1.008,1.795,0.903,1.513,0.983,1.609
2023-04-09,20517.174,20517.174,20517.174,121.547696383,121.547696383,121.547696383,0.906,1.625,1.008,1.795,0.903,1.513,0.983,1.609
2023-04-10,24652.179,25758.073,21027.928,128.70045939714285,184.76568285266669,112.67348049971429,0.911,1.632,1.01,1.798,0.905,1.515,0.982,1.607
2023-04-11,27631.947,28504.514,23788.012,200.70287525371427,238.20379069999998,132.8241831152857,0.91,1.631,1.01,1.797,0.902,1.512,0.98,1.606
2023-04-12,28430.43,29554.834,24882.262,106.45189787828572,145.15201348866665,92.35588560271428,0.912,1.633,1.011,1.799,0.902,1.512,0.98,1.605
2023-04-13,28052.793,28968.486,24967.706,125.14423144971428,188.945375216,109.80630990842857,0.913,1.634,1.012,1.8,0.901,1.511,0.979,1.604
2023-04-14,28515.137,28810.075,25053.716,108.43555483971429,165.09981700466668,101.58143143442858,0.916,1.637,1.018,1.807,0.901,1.511,0.982,1.608
2023-04-15,23851.652,23851.652,23851.652,52.08322839725,52.08322839725,52.08322839725,0.915,1.637,1.015,1.804,0.899,1.509,0.977,1.602
2023-04-16,21772.322,21772.322,21772.322,59.58939892466666,59.58939892466666,59.58939892466666,0.913,1.634,1.012,1.8,0.898,1.508,0.976,1.601
2023-04-17,27613.642,28422.911,23800.575,147.09028711142855,226.417821186,109.32309814257142,0.913,1.634,1.011,1.799,0.896,1.505,0.975,1.599
2023-04-18,28242.596,28850.256,24872.172,187.32477253942855,247.67553336666666,144.7701816152857,0.911,1.632,1.01,1.797,0.892,1.5,0.97,1.594
2023-04-19,28086.45,28828.347,24957.219,208.36228273542858,249.18098715533333,166.70256010271427,0.909,1.63,1.007,1.794,0.888,1.496,0.967,1.589
2023-04-20,28080.249,29127.606,25015.982,197.339579164,254.315963216,161.52466755128572,0.907,1.627,1.005,1.791,0.885,1.492,0.964,1.586
2023-04-21,27717.115,28259.533,24851.267,197.64370212542858,236.61978400466668,149.07118329157143,0.904,1.623,1.004,1.79,0.881,1.487,0.961,1.583
2023-04-22,23598.36,23598.36,23598.36,119.82065164724999,119.82065164724999,119.82065164724999,0.9,1.618,0.996,1.781,0.876,1.481,0.954,1.574
2023-04-23,21595.535,21595.535,21595.535,91.20416754966668,91.20416754966668,91.20416754966668,0.899,1.618,0.996,1.781,0.876,1.481,0.954,1.574
2023-04-24,27783.531,28711.562,23744.719,183.7332968257143,234.26372251933333,141.32118664257143,0.897,1.615,0.994,1.779,0.872,1.477,0.951,1.571
2023-04-25,28382.266,29329.384,25138.843,179.22116082514285,231.13969469999998,138.31616097242858,0.894,1.612,0.991,1.775,0.869,1.472,0.948,1.566
2023-04-26,28708.029,29455.218,25397.672,206.44437802114285,248.087028822,155.32369338842858,0.893,1.611,0.991,1.775,0.865,1.468,0.944,1.562
2023-04-27,29073.559,30239.229,25723.451,200.35021844971428,240.38645421600003,160.09169940842858,0.889,1.606,0.987,1.771,0.86,1.462,0.939,1.556
2023-04-28,28606.495,28919.862,25605.671,206.2460278397143,235.92348900466666,155.8906717915714,0.887,1.602,0.987,1.771,0.854,1.454,0.936,1.552
2023-04-29,23991.367,23991.367,23991.367,123.07360010558334,123.07360010558334,123.07360010558334,0.883,1.598,0.98,1.762,0.849,1.449,0.927,1.542
2023-04-30,21775.843,21775.843,21775.843,106.269042258,106.269042258,106.269042258,0.882,1.598,0.98,1.762,0.849,1.448,0.927,1.542
2023-05-01,22282.926,23267.823,19829.179,75.51399338342857,143.68598909533333,107.99540563414287,0.882,1.597,0.98,1.761,0.847,1.446,0.926,1.54
2023-05-02,27570.17,28712.803,23416.456,202.3562300294286,250.11776584733332,152.16769716185715,0.881,1.595,0.979,1.76,0.846,1.444,0.924,1.538
2023-05-03,28534.642,29297.457,25120.881,169.42037236771426,216.5286100906667,131.49820698014284,0.879,1.593,0.977,1.758,0.843,1.441,0.922,1.535
2023-05-04,28373.631,29292.203,25403.612,183.066652874,226.92263775733332,133.971851266,0.872,1.586,0.97,1.75,0.835,1.432,0.914,1.526
2023-05-05,28460.943,28711.139,25408.575,192.96135109485712,233.23264797000002,146.82984964228572,0.864,1.575,0.965,1.743,0.826,1.421,0.907,1.518
2023-05-06,23773.142,23773.142,23773.142,129.33367850825002,129.33367850825002,129.33367850825002,0.861,1.572,0.959,1.737,0.824,1.418,0.902,1.512
2023-05-07,22209.038,22209.038,22209.038,103.98704149691667,103.98704149691667,103.98704149691667,0.861,1.572,0.959,1.737,0.823,1.418,0.902,1.512
2023-05-08,28359.423,29519.326,24353.845,192.19776744485713,230.78455902933334,148.15132524028573,0.858,1.568,0.957,1.734,0.82,1.414,0.899,1.508
2023-05-09,29049.723,29837.374,25681.982,185.19504488657142,203.511910514,135.855898019,0.855,1.565,0.954,1.731,0.817,1.41,0.897,1.505
2023-05-10,28628.4,29669.433,25411.967,174.12440151057143,211.83916775733334,125.77982019442857,0.853,1.563,0.953,1.729,0.815,1.408,0.895,1.503
2023-05-11,28361.158,29377.222,25052.071,167.60439201685716,201.63057309066667,129.52713333742858,0.853,1.562,0.953,1.729,0.815,1.407,0.894,1.503
2023-05-12,27653.785,28059.882,24973.045,157.81117238057143,187.86817030333336,121.54743914228571,0.854,1.563,0.956,1.733,0.816,1.408,0.898,1.507
2023-05-13,23281.613,23281.613,23281.613,87.19683825825,87.19683825825,87.19683825825,0.853,1.562,0.952,1.728,0.814,1.407,0.895,1.503
2023-05-14,21522.37,21522.37,21522.37,78.80931183025,78.80931183025,78.80931183025,0.851,1.56,0.95,1.726,0.813,1.405,0.893,1.501
2023-05-15,27255.47,28013.868,23576.186,126.48664015914287,188.0179100293333,106.02080031171428,0.85,1.559,0.949,1.724,0.812,1.403,0.892,1.499
2023-05-16,28169.89,28883.83,24772.968,113.76736945799999,176.22754384733335,84.77669537614285,0.849,1.558,0.948,1.723,0.811,1.403,0.891,1.498
2023-05-17,27655.342,28583.511,24662.577,132.3201417962857,177.53885842399998,88.30556740871428,0.848,1.556,0.948,1.723,0.81,1.402,0.89,1.497
2023-05-18,27879.025,28554.452,24859.984,132.77843030257142,171.28466175733334,92.73573533742857,0.848,1.556,0.948,1.723,0.81,1.401,0.89,1.497
2023-05-19,27703.003,27723.841,24814.749,145.603444952,178.8710986366667,102.090352928,0.851,1.56,0.955,1.732,0.813,1.406,0.897,1.506
2023-05-20,23351.224,23351.224,23351.224,77.59708413325,77.59708413325,77.59708413325,0.853,1.562,0.955,1.731,0.815,1.407,0.896,1.505
2023-05-21,21634.751,21634.751,21634.751,63.79223366358334,63.79223366358334,63.79223366358334,0.853,1.562,0.955,1.732,0.815,1.408,0.897,1.505
2023-05-22,28350.334,28987.029,24002.203,182.73446573057143,200.21025736266665,137.00698516885714,0.854,1.564,0.955,1.732,0.816,1.409,0.898,1.506
2023-05-23,28526.822,28861.385,25040.758,175.35129431514287,206.68076184733332,127.45706387614287,0.854,1.564,0.955,1.731,0.816,1.409,0.897,1.505
2023-05-24,28336.315,28729.106,24857.955,179.87929965342855,203.343450424,129.57119355157144,0.855,1.564,0.955,1.731,0.816,1.409,0.896,1.505
2023-05-25,28263.426,28674.272,24960.681,160.10775630257143,198.10052009066666,122.06788033742858,0.859,1.569,0.96,1.737,0.818,1.411,0.899,1.508
2023-05-26,27794.205,27299.828,24465.869,148.62461923771428,207.95061196999998,105.26267349942857,0.862,1.573,0.966,1.744,0.821,1.414,0.904,1.514
2023-05-27,22839.578,22839.578,22839.578,122.75210138325001,122.75210138325001,122.75210138325001,0.862,1.573,0.963,1.742,0.82,1.414,0.901,1.511
2023-05-28,21064.442,21064.442,21064.442,122.78853678858333,122.78853678858333,122.78853678858333,0.862,1.573,0.963,1.741,0.82,1.414,0.902,1.511
2023-05-29,27537.419,28288.148,23234.529,192.87731001628572,223.370475696,139.90106466885715,0.864,1.575,0.963,1.742,0.821,1.415,0.902,1.511
2023-05-30,28100.127,28596.258,24536.735,185.8592561722857,217.52326018066665,135.053675019,0.863,1.574,0.964,1.742,0.82,1.414,0.901,1.511
2023-05-31,28320.731,28690.236,24780.755,174.3758377962857,210.66994675733335,134.35946526585715,0.863,1.575,0.964,1.742,0.82,1.414,0.902,1.511
2023-06-01,29159.244,29562.421,25304.842,171.25400749457143,207.35560805866666,126.2445435742857,0.861,1.572,0.963,1.741,0.819,1.412,0.9,1.509
2023-06-02,28770.207,28857.216,25523.404,179.81127119542856,203.77102287733337,127.16648432085715,0.86,1.571,0.964,1.742,0.817,1.41,0.9,1.51
2023-06-03,23720.74,23720.74,23720.74,113.237952988,113.237952988,113.237952988,0.86,1.571,0.962,1.74,0.818,1.411,0.899,1.508
2023-06-04,21964.899,21964.899,21964.899,102.3306082765,102.3306082765,102.3306082765,0.86,1.571,0.961,1.739,0.819,1.412,0.9,1.509
2023-06-05,28556.848,29779.047,24339.654,167.6840635717143,205.27746160333334,132.1967719965714,0.861,1.571,0.961,1.739,0.819,1.413,0.901,1.51
2023-06-06,29342.37,30368.109,25721.77,174.44111390971426,204.384928846,129.04797972971429,0.861,1.572,0.962,1.74,0.821,1.414,0.902,1.511
2023-06-07,30402.029,30320.729,26616.87,182.4512950785714,209.37526575533334,123.95214601528572,0.863,1.574,0.964,1.743,0.822,1.416,0.904,1.514
2023-06-08,30162.289,30445.554,26268.857,164.61260792314286,201.85890605866666,123.22490336,0.865,1.577,0.966,1.745,0.824,1.419,0.906,1.517
2023-06-09,29487.485,29296.913,25976.086,171.22398605257143,205.685345544,122.55310332085715,0.867,1.579,0.971,1.751,0.825,1.42,0.91,1.521
2023-06-10,24392.058,24392.058,24392.058,114.16757052966666,114.16757052966666,114.16757052966666,0.867,1.58,0.969,1.749,0.825,1.42,0.907,1.518
2023-06-11,22810.925,22810.925,22810.925,102.0410231515,102.0410231515,102.0410231515,0.868,1.58,0.969,1.749,0.825,1.42,0.908,1.518
2023-06-12,29852.694,30311.86,25258.419,182.688743286,212.35068960333334,134.08258499657143,0.869,1.581,0.969,1.749,0.826,1.421,0.908,1.519
2023-06-13,30038.116,30022.181,26476.005,175.02314848114287,199.961420846,136.150956444,0.869,1.581,0.969,1.748,0.825,1.42,0.907,1.518
2023-06-14,30430.623,31011.45,26372.931,168.82172722142857,211.00265608866667,127.36798894385716,0.865,1.577,0.965,1.744,0.822,1.417,0.903,1.513
2023-06-15,30767.973,31757.43,26916.547,202.31658020885715,227.67428105866665,148.31590193142856,0.866,1.578,0.966,1.745,0.823,1.417,0.904,1.514
2023-06-16,31079.543,31768.122,27360.061,217.43933676685714,252.14158421066668,170.31424046371427,0.866,1.578,0.969,1.749,0.823,1.417,0.906,1.517
2023-06-17,26323.486,26323.486,26323.486,134.884164613,134.884164613,134.884164613,0.866,1.578,0.967,1.746,0.826,1.421,0.908,1.519
2023-06-18,24035.239,24035.239,24035.239,125.06455269316666,125.06455269316666,125.06455269316666,0.866,1.578,0.967,1.746,0.828,1.424,0.911,1.523
2023-06-19,31306.457,31649.04,26404.573,201.50300757171428,238.21009393666668,150.00172413942855,0.867,1.58,0.968,1.747,0.831,1.428,0.914,1.527
2023-06-20,31633.572,32185.945,27723.095,207.22599905257144,235.824912846,154.02862015828572,0.868,1.58,0.968,1.748,0.834,1.431,0.917,1.53
2023-06-21,32034.822,32174.951,28189.429,213.63429707857145,245.06785142200002,162.0315105867143,0.869,1.582,0.97,1.75,0.837,1.434,0.92,1.534
2023-06-22,31805.279,32483.857,27720.996,206.13702449457145,249.05626605866667,172.9038036457143,0.869,1.582,0.97,1.75,0.837,1.435,0.92,1.534
2023-06-23,31466.76,31694.918,27890.996,201.0140483382857,245.23014687733334,155.02200046371428,0.869,1.582,0.973,1.754,0.839,1.437,0.925,1.539
2023-06-24,26136.112,26136.112,26136.112,117.73388007133333,117.73388007133333,117.73388007133333,0.867,1.579,0.967,1.746,0.837,1.435,0.92,1.533
2023-06-25,25579.323,25579.323,25579.323,110.05756869316667,110.05756869316667,110.05756869316667,0.866,1.578,0.966,1.745,0.837,1.434,0.919,1.533
2023-06-26,34549.646,35942.913,28959.474,189.136067286,225.77328327,134.9747707822857,0.864,1.576,0.964,1.742,0.836,1.434,0.919,1.532
2023-06-27,34807.928,36051.505,30393.251,192.46527862399998,230.13940951266667,143.67240987257142,0.863,1.574,0.962,1.741,0.835,1.432,0.917,1.531
2023-06-28,34747.924,35633.371,30784.996,201.27462550714284,232.30505475533334,144.11327315814285,0.862,1.574,0.962,1.74,0.835,1.432,0.917,1.53
2023-06-29,34537.087,35375.973,30495.345,196.86077135171428,209.73178505866667,152.06318328857145,0.861,1.572,0.96,1.738,0.833,1.43,0.915,1.528
2023-06-30,32324.63,32569.621,29177.479,188.96640505257142,226.26897887733332,140.18535939228573,0.86,1.571,0.962,1.74,0.832,1.429,0.916,1.529
2023-07-01,26957.065,26957.065,26957.065,98.36618167850001,98.36618167850001,98.36618167850001,0.86,1.571,0.959,1.737,0.832,1.428,0.914,1.526
2023-07-02,25591.374,25591.374,25591.374,96.42610197766668,96.42610197766668,96.42610197766668,0.862,1.573,0.962,1.74,0.832,1.429,0.914,1.527
2023-07-03,33472.102,34203.863,28809.493,210.16427167628572,239.39901654333335,164.59293645742858,0.862,1.574,0.962,1.74,0.832,1.428,0.914,1.526
2023-07-04,33594.05,34088.987,29632.641,200.61831839085716,244.84733545266667,160.14622097042857,0.863,1.574,0.963,1.741,0.833,1.429,0.914,1.527
2023-07-05,33748.575,34007.622,29957.115,198.65944093657143,233.07234921,150.02887395114286,0.863,1.574,0.962,1.741,0.832,1.428,0.914,1.526
2023-07-06,33832.914,34293.021,30147.333,200.65996855999998,238.59460230133334,157.05403362657142,0.863,1.575,0.963,1.742,0.833,1.429,0.914,1.527
2023-07-07,33220.311,33479.232,29933.936,189.68177431314285,220.698142908,150.25878409385714,0.864,1.575,0.967,1.746,0.836,1.433,0.921,1.535
2023-07-08,27697.368,27697.368,27697.368,124.99823959516665,124.99823959516665,124.99823959516665,0.863,1.575,0.963,1.742,0.836,1.434,0.919,1.532
2023-07-09,26140.2,26140.2,26140.2,129.441173561,129.441173561,129.441173561,0.863,1.575,0.964,1.742,0.837,1.434,0.919,1.532
2023-07-10,35535.24,36940.497,29869.335,204.38206896199998,243.84790954333334,150.46548360028572,0.864,1.575,0.964,1.742,0.838,1.435,0.92,1.534
2023-07-11,36895.313,38090.464,32121.882,196.47329524800003,232.78196445266667,150.90966561328574,0.865,1.577,0.964,1.743,0.839,1.437,0.922,1.536
2023-07-12,36297.017,37060.52,32289.865,194.29519565085712,227.9198958766667,141.46989773685715,0.867,1.579,0.967,1.746,0.843,1.441,0.926,1.541
2023-07-13,35662.501,36355.103,31668.112,191.4337132742857,238.31680563466668,141.7069204837143,0.869,1.582,0.969,1.749,0.846,1.445,0.929,1.545
2023-07-14,35673.259,36356.996,31744.071,174.577530456,204.33446524133333,130.08572116528572,0.874,1.587,0.977,1.759,0.848,1.448,0.934,1.551
2023-07-15,29199.701,29199.701,29199.701,95.4628961785,95.4628961785,95.4628961785,0.874,1.588,0.975,1.756,0.849,1.449,0.932,1.549
2023-07-16,26631.936,26631.936,26631.936,92.91592185266667,92.91592185266667,92.91592185266667,0.874,1.588,0.975,1.756,0.849,1.449,0.933,1.549
2023-07-17,35663.361,37097.081,29998.491,179.91573367628573,216.41652421,125.2830041717143,0.875,1.589,0.975,1.756,0.85,1.451,0.933,1.549
2023-07-18,37315.777,38291.919,32491.579,186.45872210514287,216.92036911933334,136.85375375614285,0.874,1.588,0.975,1.756,0.85,1.45,0.932,1.548
2023-07-19,37644.442,38401.863,32966.993,184.1450717937143,211.5752295433333,137.37160695114287,0.875,1.589,0.975,1.756,0.851,1.451,0.933,1.549
2023-07-20,36291.284,36834.518,32650.99,186.50145613142857,207.867269968,136.44843326942856,0.877,1.591,0.977,1.759,0.851,1.452,0.933,1.549
2023-07-21,34210.773,34393.942,31210.034,188.29984388457143,209.614849908,135.87306959385714,0.882,1.598,0.987,1.77,0.856,1.458,0.941,1.559
2023-07-22,28389.446,28389.446,28389.446,128.2919504285,128.2919504285,128.2919504285,0.884,1.6,0.986,1.77,0.858,1.46,0.941,1.559
2023-07-23,26813.591,26813.591,26813.591,97.046670811,97.046670811,97.046670811,0.887,1.604,0.99,1.774,0.861,1.463,0.945,1.563
2023-07-24,33803.242,34298.085,29282.485,184.42693810485713,201.28378254333333,135.00840174314285,0.891,1.608,0.993,1.778,0.864,1.468,0.948,1.567
2023-07-25,31632.065,32315.21,28616.285,182.01349024799998,218.65209211933333,135.02179804185715,0.896,1.615,0.999,1.785,0.87,1.474,0.954,1.575
2023-07-26,32647.575,33566.278,28884.048,198.8133829365714,228.59565787666668,146.667316094,0.903,1.623,1.006,1.793,0.877,1.482,0.962,1.584
2023-07-27,33233.339,33781.403,29522.488,188.9844282742857,214.52409063466666,148.5350389837143,0.906,1.626,1.009,1.796,0.88,1.486,0.964,1.587
2023-07-28,32727.656,33471.297,29212.354,188.90016602742858,217.958163908,145.2942012367143,0.912,1.633,1.017,1.806,0.886,1.493,0.973,1.597
2023-07-29,28276.239,28276.239,28276.239,116.0407755535,116.0407755535,116.0407755535,0.917,1.639,1.02,1.81,0.891,1.499,0.977,1.602
2023-07-30,26762.492,26762.492,26762.492,104.658580061,104.658580061,104.658580061,0.92,1.643,1.024,1.814,0.895,1.504,0.982,1.608
2023-07-31,32994.044,34050.981,28563.234,177.79836767628572,203.75439321,132.74558810028572,0.925,1.649,1.027,1.819,0.901,1.511,0.988,1.615
2023-08-01,33632.254,34538.946,29397.493,175.63069545628574,210.24086745333332,125.87633274999999,0.929,1.654,1.031,1.824,0.906,1.518,0.992,1.62
2023-08-02,34200.47,35379.86,30036.012,160.87062870257142,186.84065724066667,117.165160438,0.933,1.658,1.034,1.827,0.915,1.529,1.001,1.63
2023-08-03,32601.264,33034.593,29528.381,145.4874978845714,190.8633113026667,106.20554242499999,0.935,1.661,1.036,1.829,0.925,1.541,1.011,1.643
2023-08-04,30166.134,30688.057,27534.356,151.27363769028574,191.00945860599998,110.00730219171429,0.937,1.663,1.04,1.834,0.93,1.546,1.017,1.65
2023-08-05,25579.681,25579.681,25579.681,102.67538586033334,102.67538586033334,102.67538586033334,0.937,1.663,1.037,1.831,0.934,1.551,1.02,1.654
2023-08-06,24646.146,24646.146,24646.146,59.23066646191666,59.23066646191666,59.23066646191666,0.937,1.664,1.038,1.831,0.935,1.552,1.021,1.655
2023-08-07,30368.778,31792.1,26364.876,163.02089510542856,223.75560121066667,108.89860063314286,0.938,1.665,1.038,1.831,0.939,1.557,1.024,1.658
2023-08-08,31710.888,32961.861,27892.255,184.9382490277143,221.41346078666666,135.13491767857144,0.938,1.665,1.038,1.832,0.944,1.562,1.028,1.664
2023-08-09,32684.472,34059.498,28610.967,186.47906913114284,231.40471524066666,136.179894938,0.939,1.666,1.038,1.832,0.946,1.565,1.03,1.666
2023-08-10,33262.679,34660.977,29217.53,191.2793011702857,226.38554596933332,146.63292099642857,0.94,1.667,1.039,1.833,0.949,1.569,1.033,1.669
2023-08-11,32756.239,34203.456,29050.591,198.88201869028572,237.109419606,157.4464371202857,0.945,1.673,1.048,1.844,0.957,1.578,1.043,1.682
2023-08-12,28269.49,28269.49,28269.49,133.62429456866667,133.62429456866667,133.62429456866667,0.948,1.677,1.05,1.846,0.96,1.582,1.045,1.683
2023-08-13,26336.43,26336.43,26336.43,107.36262658691668,107.36262658691668,107.36262658691668,0.949,1.678,1.05,1.847,0.961,1.584,1.045,1.684
2023-08-14,30108.402,31818.971,26556.045,180.16898639114285,225.74139521066664,143.13581820457142,0.951,1.681,1.052,1.849,0.964,1.587,1.048,1.687
2023-08-15,27422.293,29333.415,25079.841,123.61706213371428,164.79181676,126.74729099842857,0.954,1.684,1.056,1.853,0.965,1.589,1.049,1.689
2023-08-16,31196.476,32645.462,27172.304,196.2049549882857,239.55375024066666,144.48831200942857,0.956,1.686,1.057,1.854,0.967,1.59,1.05,1.69
2023-08-17,31388.974,33014.806,27707.385,197.31147588457142,240.21089996933333,158.30179563928573,0.958,1.689,1.059,1.856,0.967,1.59,1.05,1.69
2023-08-18,31324.029,33027.303,27677.82,192.1982296902857,232.57769027266667,152.41782347742856,0.961,1.692,1.064,1.863,0.968,1.591,1.053,1.694
2023-08-19,27779.572,27779.572,27779.572,145.093277652,145.093277652,145.093277652,0.963,1.695,1.065,1.864,0.969,1.592,1.052,1.692
2023-08-20,27073.165,27073.165,27073.165,148.78616642025,148.78616642025,148.78616642025,0.964,1.696,1.065,1.864,0.968,1.592,1.052,1.692
2023-08-21,34744.106,36820.314,29440.28,205.6139858197143,256.3659928773333,157.19434320457142,0.966,1.698,1.066,1.865,0.97,1.594,1.053,1.693
2023-08-22,35172.677,37030.578,30831.094,205.75153645628572,259.80095912,162.65529010714286,0.967,1.699,1.067,1.866,0.972,1.597,1.056,1.697
2023-08-23,35839.923,37696.112,31393.036,223.993325274,281.155717574,176.17087593800002,0.967,1.699,1.067,1.866,0.974,1.599,1.058,1.699
2023-08-24,35882.961,37659.201,31610.406,219.39827031314286,274.749742636,176.68399235357143,0.968,1.7,1.068,1.867,0.975,1.6,1.058,1.699
2023-08-25,35310.974,36656.418,31388.534,198.65218511885715,245.21585893933334,151.97855497742856,0.969,1.702,1.071,1.872,0.976,1.601,1.061,1.703
2023-08-26,29433.545,29433.545,29433.545,136.18843623533334,136.18843623533334,136.18843623533334,0.971,1.704,1.071,1.871,0.978,1.603,1.061,1.703
2023-08-27,24446.493,24446.493,24446.493,86.28538071191667,86.28538071191667,86.28538071191667,0.972,1.705,1.071,1.872,0.978,1.604,1.061,1.704
2023-08-28,29753.36,31323.555,25666.721,180.38846439114286,238.1926762106667,128.31871284742857,0.973,1.707,1.073,1.874,0.98,1.607,1.063,1.705
2023-08-29,30320.109,31781.939,26908.608,190.400072742,238.71755745333334,147.06703282142857,0.976,1.71,1.077,1.879,0.985,1.612,1.068,1.712
2023-08-30,30789.189,31753.455,27240.036,202.72144684542857,244.43457957399997,150.48265679514287,0.978,1.712,1.078,1.88,0.986,1.614,1.07,1.714
2023-08-31,30912.382,32579.701,27281.914,196.99181159885714,243.80634863599997,152.74188763928572,0.978,1.713,1.078,1.88,0.986,1.614,1.07,1.713
2023-09-01,31206.09,32279.163,27907.583,195.84903491114284,233.67213711933334,147.34921558142858,0.977,1.711,1.079,1.881,0.985,1.612,1.069,1.713
2023-09-02,25827.21,25827.21,25827.21,137.99314006833333,137.99314006833333,137.99314006833333,0.977,1.711,1.077,1.879,0.985,1.612,1.067,1.711
2023-09-03,23671.932,23671.932,23671.932,97.97091869316667,97.97091869316667,97.97091869316667,0.977,1.711,1.077,1.879,0.985,1.612,1.067,1.711
2023-09-04,31114.042,32187.016,26160.409,187.4902878962857,242.358098936,121.587146984,0.978,1.712,1.077,1.879,0.985,1.612,1.068,1.711
2023-09-05,31598.578,32680.07,27301.7,194.429032598,253.5111139966667,140.74772019142856,0.978,1.712,1.078,1.879,0.986,1.613,1.068,1.712
2023-09-06,31898.551,33028.302,27915.78,188.10930270142856,248.8431646933333,146.65342298971427,0.978,1.713,1.078,1.88,0.988,1.616,1.071,1.714
2023-09-07,32066.127,33300.445,28228.016,194.39489039,247.422103512,145.392294535,0.979,1.714,1.079,1.88,0.992,1.621,1.075,1.72
2023-09-08,30788.416,31944.728,27540.782,186.04974319685715,244.521848786,143.26954443857144,0.98,1.714,1.082,1.884,0.993,1.622,1.079,1.725
2023-09-09,26045.799,26045.799,26045.799,135.33901765166667,135.33901765166667,135.33901765166667,0.981,1.716,1.081,1.884,0.995,1.625,1.08,1.725
2023-09-10,24225.689,24225.689,24225.689,137.14292948483333,137.14292948483333,137.14292948483333,0.983,1.718,1.083,1.886,0.998,1.628,1.083,1.729
2023-09-11,30063.203,31530.714,26006.863,201.84151861057143,251.985558936,160.16812005542857,0.985,1.721,1.085,1.888,1.003,1.634,1.087,1.735
2023-09-12,31564.124,32747.415,27508.719,200.16080831228572,248.93452966333334,160.71077640571428,0.987,1.724,1.087,1.89,1.008,1.639,1.092,1.74
2023-09-13,31286.028,32899.86,27614.632,197.6346144157143,241.11566602666667,148.34775456114286,0.989,1.726,1.088,1.891,1.014,1.647,1.098,1.748
2023-09-14,31771.458,33282.646,27836.637,196.18238153285714,244.381787512,143.62486789214287,0.992,1.73,1.091,1.896,1.019,1.653,1.103,1.753
2023-09-15,31167.724,31465.163,27954.511,214.08404805400002,237.049453786,154.2353142242857,0.994,1.732,1.096,1.901,1.025,1.659,1.11,1.762
2023-09-16,25400.96,25400.96,25400.96,134.62553415166667,134.62553415166667,134.62553415166667,0.996,1.734,1.096,1.901,1.028,1.663,1.112,1.764
2023-09-17,23765.939,23765.939,23765.939,100.08923494316667,100.08923494316667,100.08923494316667,0.996,1.734,1.096,1.901,1.028,1.664,1.113,1.765
2023-09-18,29904.613,31480.906,25561.593,200.10137689628573,258.34691393599996,144.03749062685714,0.999,1.737,1.098,1.903,1.032,1.669,1.116,1.769
2023-09-19,30304.737,31516.607,26651.828,190.6402543122857,243.37778699666669,153.43323233428572,1.0,1.739,1.099,1.904,1.035,1.672,1.118,1.771
2023-09-20,29659.091,31828.677,26363.717,181.18706541571427,221.84439536,134.04827684685714,1.001,1.739,1.099,1.905,1.035,1.672,1.117,1.77
2023-09-21,29725.409,31334.692,26294.992,190.29096096142857,226.04726717866666,129.802256035,1.0,1.738,1.098,1.903,1.035,1.671,1.116,1.769
2023-09-22,28616.659,29998.855,25804.129,194.76609262542857,238.03762711933334,144.03024036714285,1.0,1.738,1.1,1.906,1.035,1.672,1.119,1.772
2023-09-23,23816.873,23816.873,23816.873,146.76000469333334,146.76000469333334,146.76000469333334,1.0,1.738,1.097,1.902,1.038,1.675,1.12,1.774
2023-09-24,22326.73,22326.73,22326.73,121.25966827650001,121.25966827650001,121.25966827650001,1.0,1.738,1.097,1.902,1.038,1.675,1.121,1.774
2023-09-25,28717.713,31260.262,24594.24,200.77167575342858,266.63259660266664,164.62689369828573,1.0,1.739,1.097,1.903,1.04,1.677,1.122,1.776
2023-09-26,29675.571,32294.021,26133.386,210.9543213122857,271.87669133,166.20527212000002,1.0,1.739,1.096,1.901,1.04,1.677,1.122,1.776
2023-09-27,30122.31,32506.768,26573.587,202.18301012999999,267.39671402666664,157.00245313257142,0.997,1.735,1.092,1.896,1.037,1.674,1.118,1.771
2023-09-28,30327.616,32847.982,26738.713,193.80874838999998,252.47071384533334,159.93826667785714,0.992,1.729,1.087,1.89,1.035,1.672,1.116,1.768
2023-09-29,30155.689,31946.354,26851.329,204.03208619685714,255.442096786,165.44108065285715,0.991,1.728,1.089,1.893,1.037,1.674,1.12,1.774
2023-09-30,25386.79,25386.79,25386.79,142.10055331833334,142.10055331833334,142.10055331833334,0.991,1.728,1.087,1.89,1.04,1.678,1.122,1.776
2023-10-01,23612.058,23612.058,23612.058,133.90265646366666,133.90265646366666,133.90265646366666,0.99,1.727,1.086,1.889,1.04,1.678,1.122,1.776
2023-10-02,30295.824,33046.231,25935.582,203.61147718371427,260.3312833613333,161.01582637657143,0.989,1.725,1.084,1.887,1.043,1.681,1.124,1.778
2023-10-03,30630.984,33235.699,26978.529,190.39021893714286,234.76102251333336,154.1489347002857,0.984,1.72,1.079,1.881,1.044,1.683,1.125,1.779
2023-10-04,30803.125,33094.953,27126.056,192.35510510628572,243.19198612,144.56260066885713,0.977,1.711,1.07,1.87,1.044,1.682,1.125,1.779
2023-10-05,30636.674,33223.875,27103.347,189.16575563942857,245.277947544,145.47294802657143,0.973,1.706,1.066,1.865,1.039,1.677,1.119,1.773
2023-10-06,30730.203,32846.659,27410.599,189.9013147957143,231.02446587866666,151.74092048100002,0.962,1.693,1.059,1.856,1.033,1.67,1.116,1.768
2023-10-07,25662.594,25662.594,25662.594,134.52787966466667,134.52787966466667,134.52787966466667,0.954,1.683,1.046,1.841,1.027,1.662,1.106,1.756
2023-10-08,23726.333,23726.333,23726.333,141.63447500533331,141.63447500533331,141.63447500533331,0.953,1.682,1.046,1.84,1.026,1.661,1.105,1.755
2023-10-09,29343.118,31831.281,25557.837,206.81859546942857,265.3011113613333,168.1076267337143,0.947,1.675,1.041,1.835,1.022,1.657,1.102,1.752
2023-10-10,29971.234,32373.564,26530.339,211.07399793714285,261.24251784666666,175.1761092717143,0.94,1.667,1.036,1.829,1.017,1.651,1.098,1.747
2023-10-11,29400.51,31741.984,26515.297,211.82941824914286,262.62900778666665,175.1783538117143,0.936,1.662,1.031,1.823,1.014,1.646,1.093,1.741
2023-10-12,24478.356,26692.413,22800.41,156.45002643285716,186.12533454666666,163.02617425985713,0.933,1.659,1.028,1.82,1.012,1.644,1.091,1.738
2023-10-13,26949.38,29217.779,23706.826,212.05445622428573,256.1777608786667,171.9679189095714,0.931,1.655,1.028,1.819,1.009,1.641,1.091,1.738
2023-10-14,23945.474,23945.474,23945.474,178.92675745633335,178.92675745633335,178.92675745633335,0.928,1.652,1.022,1.812,1.008,1.64,1.087,1.734
2023-10-15,22422.552,22422.552,22422.552,183.28998850533333,183.28998850533333,183.28998850533333,0.927,1.651,1.022,1.812,1.008,1.639,1.087,1.734
2023-10-16,29537.895,31825.317,24976.865,235.94186975514285,293.7725683613333,190.50253559085715,0.924,1.647,1.02,1.81,1.007,1.638,1.086,1.733
2023-10-17,30251.877,32535.67,26436.746,199.33319993714284,228.32157684666666,162.98931784314286,0.922,1.646,1.019,1.809,1.009,1.641,1.089,1.736
2023-10-18,30064.438,32327.415,26724.334,162.14062853485714,206.98519078666666,93.99539431171429,0.919,1.642,1.016,1.804,1.01,1.642,1.09,1.737
2023-10-19,30884.508,32005.617,27048.391,182.43270449657143,202.58649221066665,100.64491059800001,0.918,1.64,1.015,1.803,1.01,1.641,1.089,1.736
2023-10-20,29175.962,30782.603,25868.506,113.06209565285714,173.01394254533332,53.92110962385714,0.918,1.64,1.017,1.806,1.01,1.641,1.092,1.74
2023-10-21,23795.121,23795.121,23795.121,99.44978283133334,99.44978283133334,99.44978283133334,0.917,1.639,1.014,1.803,1.01,1.641,1.09,1.737
2023-10-22,22774.621,22774.621,22774.621,129.38630000533334,129.38630000533334,129.38630000533334,0.918,1.64,1.016,1.805,1.011,1.643,1.091,1.739
2023-10-23,29504.819,31806.745,24986.893,213.49515418371428,295.78331969466666,171.84913001942854,0.918,1.64,1.015,1.804,1.011,1.643,1.092,1.74
2023-10-24,29103.574,32064.542,25559.652,188.00227179428572,234.74524384666665,157.56849284314285,0.917,1.639,1.015,1.804,1.011,1.643,1.092,1.739
2023-10-25,29856.908,32313.736,26161.197,161.40196453485714,214.07439412,110.04703816885714,0.916,1.638,1.014,1.803,1.008,1.64,1.089,1.736
2023-10-26,30804.477,32661.29,26663.318,148.07646449657142,173.93891687733333,94.194226598,0.912,1.632,1.008,1.796,1.004,1.635,1.084,1.73
2023-10-27,29921.927,31311.434,26419.705,115.43114151,187.08504921199997,60.003067981,0.909,1.629,1.009,1.796,1.001,1.631,1.083,1.729
2023-10-28,24856.216,24856.216,24856.216,35.940495539666664,35.940495539666664,35.940495539666664,0.909,1.629,1.006,1.792,1.001,1.631,1.081,1.726
2023-10-29,23383.423,23383.423,23383.423,50.01389263184,50.01389263184,50.01389263184,0.907,1.627,1.004,1.79,1.0,1.629,1.079,1.724
2023-10-30,29340.625,32398.254,25135.645,122.683506898,202.85769536133333,70.951326948,0.905,1.624,1.002,1.788,0.998,1.627,1.077,1.722
2023-10-31,29801.05,31843.957,26416.283,205.03716665142858,247.33052484666666,152.217249986,0.903,1.622,1.0,1.786,0.995,1.623,1.075,1.719
2023-11-01,25492.401,28530.137,23145.555,27.360052381714286,36.051246094,36.004448021857144,0.902,1.621,1.0,1.785,0.993,1.622,1.073,1.717
2023-11-02,30268.198,33126.191,25758.767,85.75698295314285,100.05865397066667,43.38782671128571,0.901,1.62,0.999,1.784,0.992,1.62,1.068,1.721
2023-11-03,30031.263,32790.834,26489.879,86.62431082485715,105.84098794200001,42.258973438285715,0.901,1.619,1.001,1.787,0.991,1.618,1.069,1.722
2023-11-04,25633.885,25633.885,25633.885,26.30298414716667,26.30298414716667,26.30298414716667,0.9,1.619,0.998,1.784,0.99,1.618,1.07,1.713
2023-11-05,23350.207,23350.207,23350.207,32.89870239808334,32.89870239808334,32.89870239808334,0.899,1.617,0.997,1.782,0.989,1.616,1.068,1.711
2023-11-06,29769.181,33490.048,25674.087,152.26339252542857,231.275106488,82.034451225,0.898,1.616,0.996,1.78,0.987,1.615,1.067,1.71
2023-11-07,30294.978,34209.887,26844.784,186.45372960457144,243.65592476133335,144.54634949842858,0.895,1.612,0.993,1.777,0.984,1.61,1.064,1.706
2023-11-08,31168.55,34593.446,27424.124,182.06112427828572,222.18455821466668,139.4262048545714,0.892,1.608,0.989,1.773,0.98,1.605,1.06,1.701
2023-11-09,30778.223,34111.518,27154.72,160.83509281028572,209.60783663733332,111.43790785414286,0.887,1.603,0.985,1.767,0.974,1.599,1.054,1.694
2023-11-10,30322.124,33176.716,27212.507,131.098719682,202.81825894199997,96.08363486685714,0.884,1.599,0.984,1.766,0.97,1.594,1.053,1.693
2023-11-11,25783.663,25783.663,25783.663,34.618604938833336,34.618604938833336,34.618604938833336,0.883,1.598,0.981,1.763,0.966,1.589,1.046,1.685
2023-11-12,23513.721,23513.721,23513.721,53.29004093974999,53.29004093974999,53.29004093974999,0.882,1.597,0.981,1.763,0.965,1.588,1.045,1.683
2023-11-13,29840.104,33311.671,25594.528,134.1137342397143,190.90697748800002,95.79406058214285,0.879,1.593,0.978,1.759,0.96,1.582,1.041,1.678
2023-11-14,29764.967,33010.22,26514.615,155.55461760457143,224.68603709466666,102.42785964128572,0.876,1.59,0.975,1.755,0.955,1.576,1.036,1.672
2023-11-15,30377.751,33639.469,26683.062,184.8317938497143,221.637685548,140.01134921171428,0.875,1.588,0.974,1.755,0.953,1.574,1.035,1.671
2023-11-16,30454.912,33173.339,27052.396,203.70810823885716,229.16290063733334,147.339518497,0.874,1.587,0.974,1.754,0.952,1.572,1.033,1.67
2023-11-17,29885.845,32362.364,26612.103,218.11951225342858,241.21838594200003,166.16869050971428,0.871,1.583,0.974,1.754,0.948,1.567,1.032,1.668
2023-11-18,25148.954,25148.954,25148.954,131.4397802305,131.4397802305,131.4397802305,0.868,1.579,0.968,1.747,0.945,1.564,1.026,1.661
2023-11-19,23241.723,23241.723,23241.723,114.04841181475,114.04841181475,114.04841181475,0.866,1.578,0.966,1.745,0.944,1.562,1.025,1.66
2023-11-20,29991.491,33447.575,25578.176,179.55865752542857,218.323007488,149.65259558214285,0.864,1.575,0.964,1.742,0.94,1.558,1.023,1.656
2023-11-21,30517.322,34078.813,26572.316,119.85427703314285,173.0296137613333,81.78603449842856,0.862,1.573,0.962,1.74,0.937,1.555,1.02,1.654
2023-11-22,30916.412,34534.792,27091.402,114.54696770685713,148.40724221466667,68.07775814028572,0.861,1.572,0.961,1.739,0.936,1.553,1.019,1.652
2023-11-23,31237.555,35111.246,27437.354,133.60669523885713,212.48160097066668,88.07498613985715,0.86,1.571,0.961,1.738,0.934,1.55,1.018,1.651
2023-11-24,31310.194,33980.512,27788.606,160.62648253914287,201.073360942,103.36251629542858,0.857,1.567,0.96,1.738,0.931,1.547,1.017,1.65
2023-11-25,26400.317,26400.317,26400.317,130.36417214716667,130.36417214716667,130.36417214716667,0.857,1.567,0.958,1.735,0.93,1.546,1.014,1.647
2023-11-26,24941.93,24941.93,24941.93,164.13246302308332,164.13246302308332,164.13246302308332,0.857,1.567,0.958,1.735,0.931,1.546,1.014,1.647
2023-11-27,32735.389,35814.169,27016.649,199.93008209685715,228.826578488,161.89128843928572,0.855,1.564,0.957,1.734,0.929,1.544,1.014,1.646
2023-11-28,32834.599,35646.276,28297.899,214.74944603314287,257.3542587613333,148.81233778414284,0.853,1.562,0.954,1.73,0.926,1.541,1.011,1.643
2023-11-29,32626.554,35191.549,28312.457,175.17073984971427,204.97105288133335,132.60884806885716,0.849,1.558,0.95,1.726,0.922,1.537,1.006,1.637
2023-11-30,32257.329,34649.292,28060.462,200.78569238171426,255.36768963733334,133.011464997,0.848,1.556,0.949,1.725,0.921,1.535,1.005,1.636
2023-12-01,32062.449,34002.266,27874.298,190.0347469317143,215.67192976466666,150.32597515799998,0.846,1.554,0.951,1.727,0.919,1.533,1.006,1.637
2023-12-02,26720.696,26720.696,26720.696,121.84822477683333,121.84822477683333,121.84822477683333,0.844,1.552,0.946,1.721,0.917,1.53,1.001,1.631
2023-12-03,25822.93,25822.93,25822.93,121.18037644433333,121.18037644433333,121.18037644433333,0.844,1.552,0.946,1.721,0.917,1.53,1.001,1.631
2023-12-04,33989.349,36396.713,27916.192,177.21138735942856,227.24502691533334,117.892491944,0.843,1.55,0.945,1.719,0.916,1.529,1.0,1.63
2023-12-05,33621.899,36043.382,28947.325,214.851891282,241.74978094600002,162.38862852157143,0.841,1.547,0.943,1.716,0.913,1.525,0.997,1.626
2023-12-06,29672.964,32350.412,26203.772,145.51887340171427,166.315831282,143.62309021057143,0.838,1.544,0.94,1.713,0.911,1.523,0.995,1.623
2023-12-07,31330.393,33450.866,26925.3,174.47312335914285,200.24214221866666,138.90976672214285,0.837,1.543,0.939,1.712,0.908,1.52,0.992,1.62
2023-12-08,27989.135,30476.705,24563.165,45.623073531428574,90.817951554,47.58456999,0.835,1.54,0.938,1.711,0.906,1.517,0.991,1.619
2023-12-09,26106.113,26106.113,26106.113,70.95121344350001,70.95121344350001,70.95121344350001,0.834,1.54,0.935,1.708,0.906,1.517,0.989,1.616
2023-12-10,24928.387,24928.387,24928.387,75.21905406933332,75.21905406933332,75.21905406933332,0.834,1.54,0.935,1.708,0.906,1.517,0.989,1.616
2023-12-11,32191.691,35090.594,26756.213,180.99269764514287,224.30018358200002,109.7595817297143,0.831,1.536,0.932,1.704,0.902,1.512,0.985,1.612
2023-12-12,32497.497,35292.204,28098.681,160.24448342485715,197.22158761266667,111.73005595014286,0.828,1.532,0.929,1.7,0.899,1.509,0.982,1.608
2023-12-13,32994.028,35812.344,28157.605,144.5044123462857,195.36784503666664,91.43832322228572,0.824,1.527,0.925,1.696,0.895,1.504,0.978,1.603
2023-12-14,32698.706,36167.744,28488.032,156.753399502,209.75299788533334,103.08603700785714,0.819,1.522,0.921,1.69,0.888,1.496,0.971,1.595
2023-12-15,32754.324,35453.741,28657.472,154.47692136028573,193.99432976466667,121.81008330085714,0.817,1.519,0.923,1.692,0.884,1.491,0.97,1.593
2023-12-16,27658.474,27658.474,27658.474,116.27889023516667,116.27889023516667,116.27889023516667,0.816,1.518,0.92,1.689,0.884,1.49,0.967,1.59
2023-12-17,26578.234,26578.234,26578.234,115.12574852766666,115.12574852766666,115.12574852766666,0.816,1.518,0.92,1.689,0.883,1.49,0.967,1.59
2023-12-18,34432.987,37772.457,28580.743,183.76593421657142,267.09701424866665,137.8753256582857,0.815,1.516,0.918,1.686,0.881,1.487,0.965,1.588
2023-12-19,34524.98,38055.598,29340.056,169.88427756771426,198.96502861266666,135.73621802157143,0.814,1.515,0.917,1.685,0.88,1.485,0.964,1.586
2023-12-20,34844.804,37827.276,29626.899,150.01014048914286,182.23341370333333,98.24396179371429,0.813,1.514,0.917,1.685,0.879,1.485,0.964,1.586
2023-12-21,33644.619,36622.852,28897.402,141.2959997877143,176.412998552,89.39811750785714,0.814,1.515,0.918,1.687,0.88,1.486,0.965,1.587
2023-12-22,31872.565,34042.575,27805.95,138.97906578885713,177.11955443133334,87.38878458657143,0.817,1.518,0.924,1.694,0.883,1.489,0.971,1.594
2023-12-23,26513.374,26513.374,26513.374,77.51407886016666,77.51407886016666,77.51407886016666,0.817,1.519,0.922,1.691,0.883,1.489,0.969,1.592
2023-12-24,24802.047,24802.047,24802.047,110.30996869433334,110.30996869433334,110.30996869433334,0.817,1.519,0.922,1.692,0.883,1.49,0.969,1.592
2023-12-25,24629.608,28175.759,21055.528,103.43277814285715,122.134097224,109.136007207,0.819,1.521,0.922,1.692,0.887,1.494,0.972,1.595
2023-12-26,30382.989,33475.913,24294.188,185.76427685342858,231.22117961266667,143.82006080728573,0.817,1.519,0.922,1.691,0.884,1.49,0.97,1.593
2023-12-27,31830.093,34956.525,26292.27,172.49890220342857,227.7664870366667,116.36776765085713,0.818,1.52,0.922,1.692,0.884,1.49,0.97,1.594
2023-12-28,32518.374,34893.41,26780.679,190.68271621628568,235.92284788533334,142.720997365,0.818,1.521,0.923,1.693,0.884,1.49,0.97,1.593
2023-12-29,31950.849,33633.467,26588.091,198.43212321742857,237.4154987646667,149.2605248722857,0.818,1.52,0.926,1.696,0.883,1.49,0.972,1.596
2023-12-30,26128.483,26128.483,26128.483,107.03638977683333,107.03638977683333,107.03638977683333,0.818,1.519,0.922,1.692,0.882,1.488,0.968,1.591
2023-12-31,25125.813,25125.813,25125.813,63.67771569433333,63.67771569433333,63.67771569433333,0.818,1.519,0.922,1.692,0.881,1.487,0.967,1.589
2024-01-01,24080.46,28548.418,21264.893,70.55353695535715,107.82549266466667,96.88312995599999,0.818,1.519,0.923,1.692,0.881,1.487,0.967,1.589
2024-01-02,32381.462,35181.152,25790.546,150.5244180345,178.46950877563336,93.03203532087143,0.817,1.519,0.922,1.691,0.88,1.485,0.965,1.588
2024-01-03,32633.209,34618.615,27500.642,176.27046549574285,237.1216125031667,84.94537661651428,0.817,1.519,0.921,1.691,0.877,1.482,0.963,1.585
2024-01-04,32946.297,34780.691,27804.844,193.28140809974283,220.2096714806,140.46014924750713,0.817,1.519,0.921,1.691,0.876,1.482,0.962,1.583
2024-01-05,31253.758,32015.759,26941.192,162.5243232895857,195.5363004482,123.62717412563572,0.82,1.522,0.928,1.699,0.878,1.483,0.966,1.589
2024-01-06,25288.067,25288.067,25288.067,88.50158216451666,88.50158216451666,88.50158216451666,0.82,1.522,0.926,1.696,0.878,1.483,0.964,1.586
2024-01-07,26194.483,26194.483,26194.483,120.91945469165417,120.91945469165417,120.91945469165417,0.82,1.523,0.926,1.696,0.878,1.484,0.964,1.586
2024-01-08,35630.038,39564.391,29113.22,204.50755416954286,246.6257277225,150.3873368854,0.82,1.523,0.926,1.697,0.878,1.483,0.964,1.586
2024-01-09,36659.863,39830.608,31061.977,207.36505841834287,255.50972121813334,156.94098762298572,0.821,1.523,0.926,1.697,0.877,1.483,0.963,1.585
2024-01-10,37067.803,39604.692,31250.265,196.2469018872,229.99924935826667,143.85145811659999,0.817,1.519,0.922,1.691,0.873,1.477,0.957,1.578
2024-01-11,36345.598,39735.996,30654.389,191.80868685854284,235.92116764846665,140.09506707285,0.816,1.518,0.921,1.691,0.872,1.477,0.957,1.578
2024-01-12,36077.414,38312.879,30899.156,195.73579561584285,224.41233722156667,140.43889662139287,0.816,1.518,0.924,1.694,0.872,1.476,0.959,1.581
2024-01-13,29727.627,29727.627,29727.627,129.28085725130418,129.28085725130418,129.28085725130418,0.817,1.52,0.923,1.693,0.873,1.478,0.959,1.58
2024-01-14,27256.927,27256.927,27256.927,119.78090514609583,119.78090514609583,119.78090514609583,0.818,1.52,0.923,1.693,0.874,1.479,0.96,1.582
2024-01-15,35191.832,37312.462,29130.769,193.31050369327141,225.0353768244,133.98475208844286,0.817,1.519,0.923,1.693,0.874,1.479,0.961,1.583
2024-01-16,34353.811,37206.838,29594.067,181.78128560331427,210.88113589123336,142.25376035250716,0.817,1.519,0.924,1.694,0.874,1.478,0.961,1.582
2024-01-17,33759.926,36461.615,29060.209,132.06434227724284,170.3376822609,72.44734350382858,0.817,1.519,0.923,1.693,0.873,1.478,0.96,1.582
2024-01-18,32887.219,35801.89,28834.274,166.84059035888572,228.9012252494,78.84200848425714,0.819,1.521,0.925,1.696,0.875,1.48,0.963,1.585
2024-01-19,35088.21,36479.382,29654.734,175.10841801365714,199.85347062593334,119.51580996251428,0.819,1.521,0.928,1.699,0.874,1.479,0.965,1.587
2024-01-20,28303.106,28303.106,28303.106,124.71780060739167,124.71780060739167,124.71780060739167,0.82,1.523,0.927,1.698,0.876,1.481,0.964,1.587
2024-01-21,26511.208,26511.208,26511.208,108.11902635295,108.11902635295,108.11902635295,0.82,1.523,0.928,1.699,0.876,1.481,0.965,1.587
2024-01-22,34047.617,37328.786,28417.452,174.61025617137142,230.38614343713334,109.58629663217857,0.821,1.524,0.928,1.698,0.877,1.482,0.965,1.588
2024-01-23,33591.764,36908.996,29087.416,175.32881492244286,237.1931517842,120.50836399074285,0.821,1.524,0.927,1.698,0.877,1.483,0.965,1.588
2024-01-24,32913.591,36149.64,28760.823,167.12877419532856,256.8587891697667,126.71873034308571,0.823,1.526,0.929,1.701,0.879,1.485,0.967,1.59
2024-01-25,32533.854,35721.449,28540.212,171.38706913222856,238.73169074153336,119.98477627775,0.824,1.528,0.93,1.702,0.881,1.487,0.969,1.593
2024-01-26,32100.31,34496.03,28296.674,165.63409377207145,219.49053052333332,123.25444733350714,0.826,1.53,0.936,1.709,0.882,1.489,0.974,1.598
2024-01-27,26497.991,26497.991,26497.991,110.63620909486667,110.63620909486667,110.63620909486667,0.828,1.532,0.936,1.708,0.884,1.491,0.974,1.599
2024-01-28,24787.864,24787.864,24787.864,98.43944689197083,98.43944689197083,98.43944689197083,0.829,1.534,0.937,1.71,0.886,1.493,0.976,1.6
2024-01-29,32475.31,35584.056,27009.143,180.5357035165,220.52756461303332,124.32809342858572,0.832,1.537,0.939,1.712,0.889,1.496,0.978,1.604
2024-01-30,33072.245,35753.434,28291.082,176.3394713286,226.14864414066665,128.41509630845,0.835,1.54,0.941,1.715,0.891,1.499,0.981,1.606
2024-01-31,33202.387,35805.778,28541.336,172.98489509389998,247.3714096893,128.1110575855,0.837,1.543,0.943,1.717,0.894,1.502,0.984,1.61
2024-02-01,32192.38,35545.78,28155.271,166.95443452248574,208.17943621453333,119.12196272677143,0.839,1.545,0.946,1.72,0.896,1.505,0.986,1.612
2024-02-02,31784.381,34263.572,27921.819,159.9684195497,197.9719195218,116.10459762426429,0.84,1.546,0.95,1.726,0.899,1.508,0.991,1.618
2024-02-03,26625.538,26625.538,26625.538,102.39150038877084,102.39150038877084,102.39150038877084,0.84,1.547,0.948,1.723,0.899,1.509,0.989,1.616
2024-02-04,24920.231,24920.231,24920.231,108.12541714682084,108.12541714682084,108.12541714682084,0.839,1.546,0.946,1.721,0.898,1.508,0.988,1.615
2024-02-05,32556.109,35880.05,27326.403,164.71870705735714,261.14879141746667,124.004746448,0.84,1.546,0.946,1.721,0.9,1.509,0.988,1.615
2024-02-06,32834.859,35762.953,28301.005,166.3612943314857,198.23258909260002,125.96749139784286,0.839,1.546,0.945,1.719,0.899,1.508,0.987,1.613
2024-02-07,33074.672,36216.798,28667.596,154.30420417444287,192.32232379603332,96.46460463638572,0.84,1.547,0.946,1.72,0.899,1.509,0.988,1.614
2024-02-08,33321.335,36323.304,29087.84,135.72210898765712,154.0005489854,94.34117796595714,0.843,1.55,0.948,1.723,0.903,1.513,0.991,1.618
2024-02-09,33777.707,35051.617,29138.421,151.04601112932855,178.43828989803333,82.50452456147858,0.847,1.555,0.955,1.731,0.907,1.519,0.997,1.626
2024-02-10,27258.1,27258.1,27258.1,53.12006292629584,53.12006292629584,53.12006292629584,0.851,1.56,0.957,1.734,0.911,1.523,1.0,1.63
2024-02-11,26221.347,26221.347,26221.347,86.92373906831666,86.92373906831666,86.92373906831666,0.853,1.563,0.96,1.738,0.914,1.527,1.004,1.634
2024-02-12,31997.658,34725.229,27130.968,146.8589267525143,197.07339331086666,89.30865110142858,0.858,1.568,0.963,1.742,0.919,1.533,1.007,1.638
2024-02-13,31300.929,34441.886,27482.871,168.37117599874287,201.042576168,106.97848451029286,0.862,1.573,0.967,1.746,0.924,1.539,1.012,1.644
2024-02-14,31621.872,34380.225,27786.836,153.19129143338571,192.58078016286666,112.06397613550715,0.866,1.577,0.97,1.75,0.929,1.544,1.016,1.649
2024-02-15,32070.494,35058.892,28202.801,156.03428013778571,177.44572358173332,99.78987300459286,0.869,1.582,0.974,1.754,0.933,1.549,1.02,1.653
2024-02-16,31446.759,33633.66,27891.002,152.7340567795,189.21881583293336,102.8514425469643,0.872,1.584,0.979,1.76,0.935,1.552,1.024,1.658
2024-02-17,25655.702,25655.702,25655.702,91.91624632967917,91.91624632967917,91.91624632967917,0.872,1.585,0.977,1.758,0.936,1.552,1.023,1.656
2024-02-18,24157.88,24157.88,24157.88,92.5649760377625,92.5649760377625,92.5649760377625,0.872,1.585,0.977,1.758,0.936,1.553,1.023,1.657
2024-02-19,30548.866,34113.173,26060.917,142.92834485415716,185.8374482737,99.19385713687858,0.874,1.587,0.978,1.759,0.938,1.555,1.025,1.659
2024-02-20,30576.647,34125.07,27084.873,141.53487991497144,252.297187722,93.98434059202857,0.875,1.588,0.979,1.76,0.938,1.556,1.025,1.659
2024-02-21,31351.294,35117.081,27715.883,135.76457259552856,170.2980092916,101.80402583453572,0.876,1.589,0.979,1.76,0.939,1.556,1.025,1.659
2024-02-22,31441.168,34744.455,28029.994,110.04791392845713,126.43580863723332,69.11835494492857,0.875,1.589,0.979,1.76,0.936,1.553,1.022,1.656
2024-02-23,31247.951,34375.282,27673.605,108.72725805082857,132.8580262924,57.53081753106428,0.876,1.589,0.982,1.764,0.934,1.551,1.022,1.656
2024-02-24,26981.181,26981.181,26981.181,49.803025361924995,49.803025361924995,49.803025361924995,0.875,1.589,0.979,1.76,0.933,1.549,1.018,1.651
2024-02-25,25809.107,25809.107,25809.107,49.74200586682917,49.74200586682917,49.74200586682917,0.876,1.589,0.979,1.761,0.932,1.548,1.016,1.649
2024-02-26,32852.265,35983.2,27394.658,110.29317215374284,129.58798108973335,61.781668733907146,0.875,1.589,0.978,1.759,0.93,1.546,1.014,1.647
2024-02-27,32622.497,36038.717,28443.719,105.44000540744285,132.2285588382,57.2477565139,0.875,1.589,0.978,1.759,0.928,1.544,1.013,1.645
2024-02-28,31771.054,34994.554,28044.594,110.37645226005714,170.65848771136666,60.55824330625715,0.876,1.589,0.979,1.76,0.928,1.543,1.012,1.644
2024-02-29,31798.102,35646.838,28099.678,104.4519913841,121.31325784633333,62.54072910805,0.877,1.591,0.98,1.762,0.927,1.542,1.011,1.643
2024-03-01,31478.153,34695.563,28012.231,105.14571449447143,124.8259648371,57.90271953365714,0.877,1.591,0.983,1.766,0.924,1.539,1.011,1.642
2024-03-02,27464.794,27464.794,27464.794,47.34431835564167,47.34431835564167,47.34431835564167,0.877,1.591,0.981,1.763,0.924,1.539,1.009,1.64
2024-03-03,25398.194,25398.194,25398.194,48.91546460917083,48.91546460917083,48.91546460917083,0.88,1.595,0.985,1.767,0.924,1.539,1.009,1.64
2024-03-04,33228.423,36143.012,28013.283,107.89501584914285,134.38800757223333,64.21707070555713,0.882,1.597,0.986,1.769,0.925,1.539,1.009,1.64
2024-03-05,31653.574,35242.573,27974.836,131.7937224280286,243.21770359689995,65.22355300649285,0.884,1.599,0.987,1.77,0.925,1.54,1.009,1.64
2024-03-06,31934.967,35383.021,28363.693,114.19505011187142,222.21251280723334,96.71474597127857,0.884,1.599,0.988,1.771,0.921,1.535,1.005,1.635
2024-03-07,32541.801,36043.4,28730.001,109.25532229972858,150.86939372076668,61.64002698507142,0.883,1.599,0.988,1.771,0.919,1.532,1.002,1.632
2024-03-08,32679.614,35078.771,28676.955,106.03948447078572,123.29777000263334,59.08045373877143,0.884,1.599,0.991,1.774,0.918,1.531,1.004,1.634
2024-03-09,28311.333,28311.333,28311.333,44.44600729165,44.44600729165,44.44600729165,0.882,1.597,0.986,1.769,0.916,1.53,1.0,1.629
2024-03-10,25443.453,25443.453,25443.453,47.685881984558335,47.685881984558335,47.685881984558335,0.881,1.596,0.985,1.767,0.915,1.528,0.998,1.627
2024-03-11,31517.073,35316.918,27251.885,120.35391722634286,206.6142391210333,55.48274627683571,0.881,1.596,0.984,1.766,0.913,1.526,0.996,1.625
2024-03-12,31155.526,34799.108,27717.367,129.1809365952,256.81518771193333,86.22108086994285,0.88,1.595,0.984,1.766,0.911,1.523,0.994,1.622
2024-03-13,31131.496,34665.953,27862.824,132.6975968269,231.9007218518,89.12595525150714,0.881,1.596,0.984,1.767,0.911,1.523,0.994,1.622
2024-03-14,30979.377,34571.542,28013.067,130.06664128045716,200.10548456196668,87.55770358849999,0.882,1.597,0.986,1.769,0.909,1.52,0.991,1.619
2024-03-15,30315.839,32783.127,27569.893,132.3214264389,233.80978721710002,79.26981365037857,0.885,1.601,0.994,1.778,0.908,1.52,0.993,1.622
2024-03-16,25649.389,25649.389,25649.389,80.75670480085417,80.75670480085417,80.75670480085417,0.887,1.603,0.993,1.777,0.91,1.521,0.993,1.621
2024-03-17,23723.64,23723.64,23723.64,81.31849243712084,81.31849243712084,81.31849243712084,0.888,1.604,0.995,1.779,0.911,1.523,0.995,1.623
2024-03-18,28853.486,32172.603,25335.253,151.2759671643,231.87442197560003,110.14259966939287,0.89,1.607,0.997,1.782,0.912,1.524,0.996,1.625
2024-03-19,28287.528,31399.212,25556.667,151.42079013765715,228.80687298426665,113.12026845312857,0.893,1.61,0.999,1.784,0.913,1.525,0.997,1.626
2024-03-20,29420.695,32393.027,26189.559,143.4614058037,211.47741342906667,109.18775926830001,0.897,1.615,1.004,1.791,0.916,1.529,1.001,1.63
2024-03-21,29498.736,33105.017,26469.298,132.72682306689998,196.62767841526667,88.06974423598571,0.902,1.621,1.01,1.797,0.919,1.532,1.005,1.635
2024-03-22,29175.489,31925.177,26682.29,122.81766502454285,172.95024785286668,81.03407222270714,0.904,1.623,1.014,1.803,0.92,1.534,1.008,1.639
2024-03-23,24283.756,24283.756,24283.756,55.14316369836249,55.14316369836249,55.14316369836249,0.904,1.623,1.012,1.8,0.919,1.532,1.005,1.635
2024-03-24,22797.165,22797.165,22797.165,63.14340128039999,63.14340128039999,63.14340128039999,0.904,1.623,1.012,1.801,0.919,1.532,1.004,1.634
2024-03-25,30976.707,32669.76,26025.738,118.77439535055714,147.14598398616667,96.16378444704286,0.906,1.626,1.014,1.802,0.919,1.533,1.005,1.635
2024-03-26,31010.087,33960.065,26814.546,111.01405955824285,129.63599961336666,63.081856561771424,0.907,1.626,1.014,1.803,0.919,1.533,1.004,1.634
2024-03-27,30227.652,32529.973,26866.625,113.74820589247143,126.28631260579999,63.07643362051429,0.909,1.629,1.017,1.806,0.919,1.533,1.004,1.634
2024-03-28,26500.913,28983.879,23863.967,109.50729482115715,123.54960865793333,63.97382248627143,0.909,1.629,1.017,1.806,0.919,1.532,1.004,1.634
2024-03-29,24874.582,27082.863,22125.681,117.57770599065714,140.99435334253334,68.07016605417857,0.91,1.63,1.018,1.807,0.919,1.533,1.004,1.634
2024-03-30,24170.467,24170.467,24170.467,59.71791675347083,59.71791675347083,59.71791675347083,0.91,1.63,1.018,1.807,0.919,1.533,1.004,1.634
2024-03-31,23618.023,23618.023,23618.023,56.379997506,56.379997506,56.379997506,0.91,1.631,1.019,1.808,0.92,1.533,1.005,1.635
2024-04-01,27015.738,28853.741,22820.355,110.36975262588571,130.77895152366668,61.383602861564285,0.913,1.633,1.02,1.81,0.921,1.534,1.005,1.636
2024-04-02,31102.513,32464.509,26417.349,108.79193924131428,146.60299629566666,65.2190697169,0.913,1.634,1.02,1.809,0.92,1.534,1.004,1.635
2024-04-03,30323.391,31265.626,26804.201,111.75644551968571,146.75844812206665,60.21364055322857,0.915,1.636,1.021,1.811,0.921,1.535,1.005,1.636
2024-04-04,29414.852,31065.54,26300.395,107.27360624398571,136.88940712919998,63.50524927084285,0.919,1.642,1.026,1.817,0.926,1.54,1.01,1.642
2024-04-05,29078.455,29718.197,25969.096,104.61700294981428,119.914877149,59.55870422582858,0.923,1.646,1.033,1.825,0.928,1.544,1.016,1.648
2024-04-06,24465.131,24465.131,24465.131,47.803010143624995,47.803010143624995,47.803010143624995,0.925,1.648,1.032,1.824,0.93,1.546,1.016,1.648
2024-04-07,22988.253,22988.253,22988.253,60.319800493804166,60.319800493804166,60.319800493804166,0.926,1.649,1.033,1.825,0.931,1.547,1.017,1.65
2024-04-08,28898.584,30495.153,24951.582,107.19429739921429,122.76370680246667,61.81149208758571,0.929,1.653,1.035,1.827,0.934,1.55,1.019,1.652
2024-04-09,28692.427,30596.673,25204.602,105.86703682825714,122.96097806799999,56.558931264028566,0.932,1.656,1.037,1.83,0.935,1.551,1.019,1.653
2024-04-10,28676.625,30237.03,25946.255,106.72101106984285,131.8959855832,63.071683869285714,0.933,1.658,1.038,1.831,0.935,1.551,1.019,1.652
2024-04-11,28923.489,30651.999,25736.992,119.48620308597143,165.6103631501,59.295833495021434,0.933,1.658,1.038,1.831,0.934,1.55,1.018,1.651
2024-04-12,28645.83,29524.42,26146.4,111.91919547682858,163.2129546201,77.37714119847858,0.935,1.66,1.042,1.836,0.935,1.551,1.021,1.654
2024-04-13,24085.104,24085.104,24085.104,58.001902477820835,58.001902477820835,58.001902477820835,0.935,1.661,1.04,1.834,0.935,1.552,1.02,1.653
2024-04-14,22219.189,22219.189,22219.189,57.438577258875,57.438577258875,57.438577258875,0.938,1.664,1.043,1.838,0.938,1.555,1.023,1.657
2024-04-15,28760.479,30404.102,24845.324,112.88634555484285,136.41784161803332,71.69431371572857,0.94,1.666,1.044,1.839,0.939,1.556,1.024,1.658
2024-04-16,28907.85,30807.721,25797.676,110.52428788958571,125.70807096936669,66.71967646397142,0.941,1.668,1.046,1.841,0.939,1.557,1.024,1.658
2024-04-17,28446.846,30233.084,25685.427,109.86131656277144,130.4915889753,65.20013066581429,0.942,1.669,1.047,1.842,0.939,1.556,1.023,1.657
2024-04-18,28815.366,30533.31,25733.588,110.96963764172857,136.61136970243334,63.596418809985714,0.944,1.671,1.049,1.844,0.937,1.554,1.021,1.655
2024-04-19,29124.574,29656.898,26140.39,117.93347276734286,149.82437179353334,71.95533200431429,0.944,1.671,1.052,1.848,0.934,1.551,1.021,1.654
2024-04-20,24344.345,24344.345,24344.345,56.500217279220834,56.500217279220834,56.500217279220834,0.944,1.671,1.05,1.845,0.931,1.547,1.015,1.647
2024-04-21,22339.507,22339.507,22339.507,60.984505418395834,60.984505418395834,60.984505418395834,0.944,1.672,1.05,1.845,0.93,1.546,1.013,1.645
2024-04-22,28643.946,30459.659,24736.206,111.32904714734286,130.12415597123334,69.21831869692856,0.945,1.672,1.05,1.845,0.928,1.543,1.011,1.643
2024-04-23,29235.658,30869.915,26014.83,112.40729647157143,139.28358922163335,65.46056625767143,0.944,1.671,1.049,1.844,0.924,1.539,1.007,1.638
2024-04-24,29608.256,31020.708,26321.251,122.82718364847143,175.84205595796666,69.46892940737857,0.943,1.67,1.048,1.843,0.922,1.536,1.004,1.634
2024-04-25,30541.942,31530.043,27040.537,141.7983502004143,196.3983289654,86.59986903873572,0.943,1.67,1.047,1.842,0.92,1.534,1.003,1.633
2024-04-26,29721.056,30503.632,26655.19,137.8116373667,175.54466409273334,113.16000835813573,0.943,1.67,1.05,1.846,0.918,1.532,1.004,1.634
2024-04-27,25294.924,25294.924,25294.924,69.67439349762084,69.67439349762084,69.67439349762084,0.943,1.67,1.048,1.843,0.917,1.53,1.0,1.63
2024-04-28,23452.187,23452.187,23452.187,78.5927237921125,78.5927237921125,78.5927237921125,0.943,1.67,1.048,1.843,0.917,1.53,1.0,1.63
2024-04-29,30552.822,30939.063,25873.406,144.22522876417142,192.62679098893332,107.80619292233573,0.943,1.67,1.048,1.843,0.916,1.529,0.999,1.629
2024-04-30,29574.541,29980.845,26025.758,135.75227016662856,173.6704977444,106.10897849334286,0.943,1.67,1.048,1.843,0.914,1.527,0.998,1.626
2024-05-01,24598.17,25383.86,22231.168,51.80427185207143,66.75706188829999,65.35756605914285,0.943,1.67,1.048,1.844,0.914,1.527,0.997,1.626
2024-05-02,28345.089,29623.094,24331.798,117.82369147577143,155.63782023723334,72.93160633141429,0.944,1.671,1.049,1.844,0.914,1.526,0.997,1.625
2024-05-03,28721.296,29333.66,25479.823,121.29296382911427,162.36744078626666,79.43758501939286,0.942,1.669,1.05,1.845,0.911,1.523,0.996,1.625
2024-05-04,24423.899,24423.899,24423.899,63.05332555205416,63.05332555205416,63.05332555205416,0.94,1.667,1.045,1.84,0.909,1.521,0.992,1.619
2024-05-05,23015.302,23015.302,23015.302,68.66194686159166,68.66194686159166,68.66194686159166,0.94,1.666,1.044,1.838,0.908,1.519,0.991,1.618
2024-05-06,29187.586,29869.182,25026.272,142.6439883777143,185.27649094476666,99.99037574092857,0.938,1.664,1.042,1.835,0.906,1.517,0.988,1.615
2024-05-07,28671.549,30061.706,25510.944,117.6184986366,169.29109669186667,106.37332938497143,0.936,1.661,1.039,1.833,0.902,1.512,0.985,1.611
2024-05-08,29053.156,30179.463,26039.875,127.11902814404286,165.08809643976667,75.08195093762858,0.933,1.658,1.037,1.83,0.899,1.508,0.982,1.608
2024-05-09,28990.389,30145.815,26116.269,127.07054173177143,189.29090103833332,81.16283580305,0.931,1.655,1.035,1.827,0.896,1.505,0.979,1.604
2024-05-10,28474.884,29200.485,25736.774,117.25893910111428,161.6735493276,87.93591499519286,0.929,1.653,1.035,1.828,0.894,1.502,0.979,1.604
2024-05-11,24068.297,24068.297,24068.297,68.84169113960833,68.84169113960833,68.84169113960833,0.927,1.651,1.031,1.823,0.892,1.501,0.975,1.6
2024-05-12,22368.433,22368.433,22368.433,73.03272110512084,73.03272110512084,73.03272110512084,0.926,1.65,1.029,1.821,0.891,1.499,0.974,1.598
2024-05-13,29036.001,30750.875,24887.221,115.81344258525714,148.94967140386666,90.23085170607143,0.924,1.647,1.027,1.819,0.888,1.496,0.972,1.595
2024-05-14,29514.385,30242.229,26100.91,115.84983502349999,141.57259221256666,64.65270819486429,0.922,1.645,1.026,1.817,0.886,1.493,0.969,1.592
2024-05-15,29021.519,29641.879,25814.858,119.2549201071,146.9142520349,71.19468084743572,0.92,1.642,1.024,1.814,0.883,1.49,0.965,1.588
2024-05-16,29289.697,30065.576,26001.079,135.92371569727143,187.56103939306664,80.94760304857142,0.917,1.639,1.021,1.811,0.88,1.486,0.962,1.584
2024-05-17,28825.202,28878.343,25929.475,142.57982382871427,173.24705763823331,104.57668655837142,0.916,1.638,1.023,1.813,0.879,1.484,0.964,1.586
2024-05-18,24284.384,24284.384,24284.384,78.79615903814167,78.79615903814167,78.79615903814167,0.916,1.637,1.02,1.81,0.879,1.484,0.961,1.582
2024-05-19,22593.891,22593.891,22593.891,79.96692550262084,79.96692550262084,79.96692550262084,0.916,1.637,1.02,1.81,0.879,1.484,0.961,1.583
2024-05-20,28515.956,29472.534,24622.99,122.62345533557142,165.3923097649,96.10476546900715,0.915,1.637,1.02,1.809,0.878,1.483,0.961,1.582
2024-05-21,28896.738,29836.171,25649.749,130.81513937258572,171.17337064176664,102.92968237775715,0.915,1.636,1.019,1.808,0.878,1.483,0.96,1.582
2024-05-22,28981.651,29999.606,25959.891,131.68005761765716,172.91811209863332,96.93557387585,0.914,1.635,1.018,1.808,0.877,1.481,0.959,1.581
2024-05-23,29033.895,30234.902,25827.845,149.20502936501427,191.17928187526664,108.35209604152143,0.912,1.632,1.016,1.805,0.874,1.478,0.957,1.578
2024-05-24,28935.512,29229.145,25855.725,161.4699995637857,210.17313168073335,113.78957550420715,0.91,1.631,1.016,1.805,0.873,1.477,0.958,1.579
2024-05-25,24334.366,24334.366,24334.366,90.23020228215834,90.23020228215834,90.23020228215834,0.908,1.628,1.013,1.801,0.871,1.474,0.954,1.574
2024-05-26,22440.555,22440.555,22440.555,78.31842542117917,78.31842542117917,78.31842542117917,0.907,1.627,1.012,1.799,0.87,1.473,0.953,1.573
2024-05-27,29531.584,30627.343,25263.27,135.3173396801,160.42238373653333,92.13917098916428,0.906,1.625,1.01,1.798,0.868,1.471,0.951,1.57
2024-05-28,29775.587,31325.808,26441.511,121.35794703865713,170.26755038973332,85.4251957467857,0.905,1.624,1.009,1.796,0.866,1.469,0.949,1.568
2024-05-29,30368.082,31955.637,27047.655,136.92263337244285,162.8997094159,93.5970924193143,0.904,1.623,1.008,1.795,0.866,1.468,0.948,1.567
2024-05-30,30327.202,31719.819,26939.381,120.28153383111429,150.8263775073667,89.90309307496429,0.904,1.623,1.008,1.796,0.866,1.468,0.949,1.568
2024-05-31,29783.205,30729.954,27084.381,114.642359017,129.60596072416666,68.27274801195,0.903,1.622,1.011,1.798,0.864,1.467,0.95,1.569
2024-06-01,25040.529,25040.529,25040.529,54.130552846575,54.130552846575,54.130552846575,0.902,1.621,1.008,1.795,0.864,1.466,0.948,1.567
2024-06-02,23167.779,23167.779,23167.779,56.12530073827083,56.12530073827083,56.12530073827083,0.901,1.62,1.006,1.793,0.863,1.465,0.947,1.565
2024-06-03,29805.131,30890.089,25845.335,134.98493496667143,197.76080693530002,73.2679525276,0.9,1.618,1.005,1.791,0.862,1.464,0.945,1.563
2024-06-04,29857.256,31285.079,26738.326,164.6008269256857,226.19602924573334,126.8220808130857,0.898,1.616,1.003,1.789,0.859,1.46,0.942,1.56
2024-06-05,30832.738,32293.327,27187.616,168.27431370895715,281.3366565535667,136.66560404182857,0.892,1.609,0.997,1.783,0.854,1.454,0.937,1.554
2024-06-06,31444.816,32908.958,27761.562,170.61453320145714,219.3049423135,132.97311341839287,0.889,1.605,0.994,1.778,0.85,1.45,0.933,1.549
2024-06-07,31375.034,31901.741,27990.789,157.7800440867857,200.08509959979997,122.01761580233571,0.886,1.602,0.994,1.779,0.848,1.447,0.934,1.55
2024-06-08,26003.547,26003.547,26003.547,105.54667706272083,105.54667706272083,105.54667706272083,0.885,1.601,0.991,1.775,0.847,1.446,0.931,1.546
2024-06-09,23322.471,23322.471,23322.471,69.43231243739167,69.43231243739167,69.43231243739167,0.885,1.601,0.991,1.775,0.847,1.446,0.931,1.546
2024-06-10,30030.445,30398.709,25820.171,145.67380676674287,183.05364937876666,93.39984927604999,0.884,1.599,0.99,1.774,0.845,1.444,0.929,1.544
2024-06-11,30048.696,30259.1,26453.392,145.56691153848573,190.49924657473332,120.52960613197142,0.883,1.598,0.99,1.773,0.845,1.443,0.928,1.542
2024-06-12,29586.777,30181.827,26325.185,148.26523302475715,194.30481893246667,101.2155585373143,0.883,1.598,0.99,1.773,0.845,1.443,0.928,1.542
2024-06-13,28738.518,30390.322,25599.655,141.33272096038573,192.97000769939999,120.50527467155715,0.883,1.598,0.99,1.773,0.847,1.445,0.93,1.545
2024-06-14,29882.02,30798.509,26526.529,122.7716691105857,153.47661081290002,107.5247504951357,0.883,1.598,0.992,1.776,0.848,1.446,0.934,1.549
2024-06-15,24896.835,24896.835,24896.835,67.06718395444166,67.06718395444166,67.06718395444166,0.883,1.598,0.989,1.773,0.85,1.45,0.935,1.551
2024-06-16,22881.788,22881.788,22881.788,66.38376539452084,66.38376539452084,66.38376539452084,0.883,1.598,0.99,1.773,0.852,1.452,0.938,1.554
2024-06-17,30725.477,32074.769,26091.496,127.94561425407143,165.88266974993334,83.41925686360715,0.883,1.598,0.99,1.773,0.855,1.455,0.94,1.557
2024-06-18,31049.725,31825.977,27564.802,151.870216757,198.849924491,99.25317930985715,0.882,1.597,0.989,1.772,0.855,1.456,0.94,1.557
2024-06-19,30541.974,31188.78,27320.37,155.70275468154287,220.86127011526665,129.00570398067143,0.882,1.597,0.989,1.772,0.857,1.458,0.942,1.559
2024-06-20,30336.536,30469.213,26921.856,167.21876073892855,221.1351803821,129.37715157647858,0.883,1.598,0.99,1.773,0.86,1.462,0.945,1.563
2024-06-21,29438.858,30266.789,26393.288,164.90828105451428,205.12341123906666,128.87246295251427,0.883,1.599,0.993,1.777,0.864,1.466,0.95,1.57
2024-06-22,25337.198,25337.198,25337.198,84.75184145909166,84.75184145909166,84.75184145909166,0.883,1.599,0.99,1.773,0.866,1.469,0.951,1.571
2024-06-23,23480.636,23480.636,23480.636,77.2004926317875,77.2004926317875,77.2004926317875,0.885,1.601,0.992,1.776,0.868,1.471,0.954,1.573
2024-06-24,29134.437,30509.174,25121.453,140.62639966147142,195.34980766313333,84.40450352500714,0.887,1.603,0.993,1.777,0.872,1.476,0.956,1.576
2024-06-25,32198.019,33323.723,27907.282,148.6121277032286,212.13830115253336,112.16862953767144,0.886,1.602,0.993,1.777,0.872,1.476,0.956,1.577
2024-06-26,32087.476,32756.423,28648.848,178.87646683912857,227.3404440273,132.00024311787857,0.887,1.603,0.993,1.777,0.874,1.478,0.958,1.579
2024-06-27,32292.326,33060.214,28418.973,174.72439783224286,204.26217933693331,127.04889143854287,0.888,1.604,0.993,1.777,0.877,1.482,0.961,1.582
2024-06-28,31820.526,31817.993,28522.295,167.21463585932858,205.57286724496666,124.06396268108571,0.888,1.604,0.996,1.781,0.878,1.483,0.965,1.587
2024-06-29,26460.39,26460.39,26460.39,90.10984116514584,90.10984116514584,90.10984116514584,0.889,1.605,0.995,1.78,0.88,1.485,0.965,1.587
2024-06-30,24421.844,24421.844,24421.844,97.67024443520417,97.67024443520417,97.67024443520417,0.889,1.606,0.995,1.78,0.88,1.486,0.966,1.588
2024-07-01,30712.35,31458.291,26369.784,156.06225656488573,189.22485373646668,108.02488889225,0.89,1.606,0.996,1.781,0.882,1.488,0.967,1.589
2024-07-02,31013.989,32365.544,27570.148,153.59245011894285,195.31384436693335,96.16025748957144,0.89,1.607,0.996,1.781,0.882,1.488,0.966,1.589
2024-07-03,32009.999,33242.808,28324.07,152.98329310465715,196.46644602876668,114.43833754753572,0.891,1.608,0.997,1.782,0.885,1.492,0.97,1.593
2024-07-04,33083.793,34887.232,29150.329,123.08227890905714,194.8107059284,111.85497764537857,0.891,1.608,0.997,1.782,0.888,1.495,0.972,1.596
2024-07-05,33072.167,34181.996,29732.095,138.92502193800001,195.73790106203333,112.08785247392143,0.892,1.609,1.0,1.786,0.889,1.496,0.975,1.6
2024-07-06,27464.82,27464.82,27464.82,80.57676687614166,80.57676687614166,80.57676687614166,0.892,1.609,0.998,1.783,0.889,1.496,0.974,1.598
2024-07-07,24761.811,24761.811,24761.811,83.94285618811666,83.94285618811666,83.94285618811666,0.892,1.609,0.998,1.783,0.889,1.497,0.974,1.598
2024-07-08,31755.106,33098.73,27240.472,153.76855944827142,217.04272705636666,124.48757737981428,0.893,1.61,0.998,1.783,0.89,1.498,0.975,1.599
2024-07-09,32609.009,34279.106,28828.615,160.60167198267143,217.31500216616666,110.1451116001357,0.893,1.61,0.997,1.782,0.891,1.498,0.975,1.599
2024-07-10,33948.848,36075.403,29670.332,168.1079077098143,214.97262700083334,128.59683964022142,0.891,1.608,0.996,1.78,0.889,1.496,0.973,1.596
2024-07-11,35065.925,36640.398,30708.078,166.0256066359286,205.52438293166665,129.30769245207858,0.888,1.605,0.992,1.776,0.886,1.493,0.97,1.593
2024-07-12,34415.689,35079.846,30751.383,150.29740357925715,186.5339319759333,105.6948320060857,0.888,1.604,0.995,1.779,0.886,1.493,0.971,1.595
2024-07-13,28091.629,28091.629,28091.629,91.14483678124166,91.14483678124166,91.14483678124166,0.888,1.604,0.992,1.776,0.886,1.493,0.97,1.593
2024-07-14,25824.187,25824.187,25824.187,92.68085284993333,92.68085284993333,92.68085284993333,0.888,1.604,0.992,1.776,0.886,1.492,0.97,1.593
2024-07-15,33803.955,35278.378,28804.945,140.25767465187144,200.67339924356668,106.08977519605001,0.888,1.604,0.992,1.776,0.885,1.492,0.969,1.592
2024-07-16,34017.686,35114.542,30050.782,168.43943615611428,220.97859073453333,132.20689082465714,0.888,1.604,0.992,1.776,0.884,1.49,0.968,1.591
2024-07-17,34382.521,35793.144,30383.841,181.01014728037143,221.54505374446668,131.10505003390713,0.885,1.601,0.989,1.773,0.882,1.488,0.965,1.588
2024-07-18,35327.776,36619.823,31176.614,187.37728566725715,235.68711953673335,133.69571747524284,0.883,1.598,0.986,1.769,0.879,1.485,0.962,1.584
2024-07-19,35477.652,36893.359,31436.581,180.82780880175713,215.0091644926,136.5477426954857,0.882,1.597,0.988,1.772,0.879,1.484,0.964,1.586
2024-07-20,29800.48,29800.48,29800.48,91.31529558378334,91.31529558378334,91.31529558378334,0.882,1.597,0.988,1.771,0.878,1.484,0.964,1.586
2024-07-21,26682.493,26682.493,26682.493,77.7260713553875,77.7260713553875,77.7260713553875,0.882,1.597,0.988,1.771,0.878,1.483,0.964,1.586
2024-07-22,33548.914,35188.652,28761.722,163.06667174452858,221.0661287175,119.89753144002857,0.881,1.596,0.985,1.768,0.878,1.483,0.96,1.582
2024-07-23,35090.941,36886.15,30556.666,172.0787447373857,216.47565709243335,132.31630214687144,0.881,1.596,0.984,1.767,0.877,1.482,0.958,1.579
2024-07-24,35978.064,37456.205,31630.012,176.81373710990002,215.34144286423336,133.59119177885714,0.88,1.595,0.984,1.766,0.874,1.478,0.955,1.576
2024-07-25,34071.594,35846.961,30745.922,171.96488797175715,209.3612400415,129.6289397526143,0.878,1.593,0.982,1.764,0.872,1.476,0.953,1.573
2024-07-26,34310.463,35513.162,30736.688,176.6738606251857,214.31341581626666,135.0337549292643,0.879,1.593,0.985,1.768,0.871,1.475,0.954,1.575
2024-07-27,29535.518,29535.518,29535.518,110.04485014297084,110.04485014297084,110.04485014297084,0.878,1.593,0.982,1.764,0.87,1.474,0.952,1.572
2024-07-28,27944.521,27944.521,27944.521,98.84944732237084,98.84944732237084,98.84944732237084,0.877,1.591,0.98,1.762,0.87,1.473,0.951,1.57
2024-07-29,36105.797,37566.578,30854.659,196.93089646925714,220.6266172057,143.1068498511,0.876,1.59,0.979,1.761,0.869,1.472,0.95,1.569
2024-07-30,36677.166,38073.193,32068.633,184.06842536567143,227.32260178826667,136.16746277453572,0.874,1.588,0.981,1.763,0.867,1.47,0.95,1.57
2024-07-31,36141.983,38022.511,31814.037,189.30123469182857,229.27922238940002,142.88102647037857,0.873,1.587,0.979,1.761,0.865,1.468,0.949,1.568
2024-08-01,36344.185,38160.542,32146.007,193.3322701635857,225.1733080159,144.3258705005643,0.872,1.585,0.979,1.76,0.864,1.466,0.947,1.565
2024-08-02,34929.616,35852.046,31612.397,174.32051007159998,220.65219118230002,136.8708467157643,0.872,1.585,0.982,1.764,0.864,1.466,0.949,1.568
2024-08-03,29161.372,29161.372,29161.372,112.3634535644875,112.3634535644875,112.3634535644875,0.871,1.585,0.979,1.76,0.863,1.466,0.947,1.566
2024-08-04,27713.517,27713.517,27713.517,110.823895698625,110.823895698625,110.823895698625,0.871,1.584,0.979,1.76,0.863,1.466,0.947,1.565
2024-08-05,33930.816,35644.19,29468.928,192.18389275547142,240.8967430670667,147.7207604383357,0.87,1.583,0.978,1.759,0.862,1.464,0.945,1.564
2024-08-06,34160.821,35975.33,30071.148,189.6610555273857,230.73603283906667,144.07040799809286,0.867,1.58,0.974,1.755,0.859,1.461,0.942,1.56
2024-08-07,34105.864,35899.129,30328.62,183.69273476985714,221.04883928139998,138.176220379,0.863,1.574,0.97,1.75,0.854,1.455,0.938,1.555
2024-08-08,34289.182,36261.122,30245.978,186.4891526154,229.43387461926667,138.74317435562858,0.859,1.57,0.967,1.746,0.851,1.451,0.935,1.551
2024-08-09,34062.499,36061.395,30385.489,182.54165878178569,221.11707254939998,145.26583946490715,0.858,1.569,0.97,1.75,0.85,1.45,0.937,1.553
2024-08-10,29763.648,29763.648,29763.648,104.90696812990832,104.90696812990832,104.90696812990832,0.858,1.568,0.967,1.746,0.85,1.45,0.935,1.551
2024-08-11,27979.679,27979.679,27979.679,106.80820858376251,106.80820858376251,106.80820858376251,0.858,1.568,0.967,1.746,0.85,1.45,0.935,1.551
2024-08-12,33548.1,35383.312,29315.336,188.94698621677142,233.5030217922333,145.37286450405,0.857,1.567,0.966,1.745,0.849,1.449,0.934,1.551
2024-08-13,32680.963,33520.535,29472.694,194.82605238194284,222.7674357146,144.41297252247858,0.856,1.567,0.966,1.745,0.849,1.448,0.934,1.55
2024-08-14,30869.239,31315.151,28088.393,174.35558898544286,219.11065969036667,136.29913215545713,0.857,1.568,0.966,1.745,0.85,1.45,0.934,1.55
2024-08-15,26514.863,28503.68,24776.384,74.68491044821428,150.0360395487,87.82332474509285,0.858,1.568,0.966,1.745,0.85,1.45,0.935,1.552
2024-08-16,28871.081,31084.336,25645.435,172.05872010854287,233.44230890703332,132.4074995858,0.857,1.567,0.966,1.745,0.85,1.45,0.935,1.552
2024-08-17,27069.871,27069.871,27069.871,120.03176722050416,120.03176722050416,120.03176722050416,0.855,1.565,0.964,1.743,0.85,1.449,0.935,1.551
2024-08-18,26193.673,26193.673,26193.673,99.68634714213334,99.68634714213334,99.68634714213334,0.855,1.565,0.964,1.742,0.849,1.449,0.934,1.551
2024-08-19,31703.737,33799.667,27654.619,185.2859962811,246.0106330056,129.0923521084143,0.854,1.563,0.963,1.741,0.848,1.448,0.934,1.55
2024-08-20,32403.079,34614.465,28876.343,167.6996049752,221.90961571106666,142.71011758345713,0.851,1.56,0.96,1.738,0.846,1.445,0.931,1.547
2024-08-21,32778.389,34521.54,29334.724,154.10194535404284,252.25496617270002,121.74840116902143,0.847,1.556,0.957,1.734,0.842,1.44,0.927,1.542
2024-08-22,33001.818,34879.326,29389.348,187.62939501984286,245.4201985252,146.0824204923643,0.842,1.55,0.952,1.727,0.836,1.434,0.922,1.536
2024-08-23,32823.168,34639.432,29323.728,190.94102003572857,237.2345285343,144.8860712278857,0.839,1.545,0.951,1.727,0.834,1.431,0.923,1.537
2024-08-24,28715.125,28715.125,28715.125,96.67812729967916,96.67812729967916,96.67812729967916,0.838,1.544,0.948,1.723,0.834,1.43,0.921,1.534
2024-08-25,26787.878,26787.878,26787.878,75.03700547395833,75.03700547395833,75.03700547395833,0.837,1.544,0.948,1.723,0.834,1.43,0.92,1.534
2024-08-26,33181.107,34813.781,28555.595,181.6936574210857,248.30712415143333,130.20515531545715,0.836,1.542,0.946,1.722,0.832,1.429,0.919,1.533
2024-08-27,34001.383,35797.914,30003.086,185.99023200334287,241.1495032693,144.44545222554285,0.835,1.541,0.946,1.721,0.831,1.428,0.919,1.532
2024-08-28,34471.484,35937.125,30530.009,187.93377879074288,236.85929714423332,147.32902627435,0.834,1.54,0.945,1.72,0.83,1.426,0.918,1.531
2024-08-29,34156.224,35162.019,30294.763,202.32677073962856,235.8752520482,154.86267674727145,0.832,1.537,0.943,1.717,0.828,1.423,0.916,1.528
2024-08-30,33351.491,34426.19,29808.493,199.6302891363143,238.3912010809,150.59521427664285,0.829,1.534,0.943,1.717,0.825,1.42,0.916,1.528
2024-08-31,28220.113,28220.113,28220.113,145.09131509847083,145.09131509847083,145.09131509847083,0.829,1.533,0.94,1.714,0.825,1.42,0.913,1.525
